[2026-08-28T05:18:54.300Z] Launcher started, PORT=2389
[2026-08-28T05:18:54.301Z] Direct access: http://<IP>:2389  or  http://<domain>:2389
[2026-08-28T05:18:54.301Z] Starting dashboard server...
[2026-08-28T05:18:54.309Z] Downloading cloudflared binary...
[DASHBOARD] AZZAVISION AI v2.0 listening on port 2389
[DASHBOARD] Signals : /home/runner/work/Azza-Vision-AI/Azza-Vision-AI/bot/data/signals.json
[DASHBOARD] Journal : /home/runner/work/Azza-Vision-AI/Azza-Vision-AI/bot/data/journal.json
[DASHBOARD] Public  : /home/runner/work/Azza-Vision-AI/Azza-Vision-AI/bot/dashboard
[2026-08-28T05:18:54.870Z] Tunnel: using /home/runner/work/Azza-Vision-AI/Azza-Vision-AI/bot/cloudflared on port 2389
[2026-08-28T05:18:54.872Z] cloudflared pid=2087
[2026-08-28T05:18:56.324Z] Starting AZZAVISION AI bot...
[BACKUP_CMD] ✅ Backup commands registered: /backup /backupstatus /backuphistory /restorelist /selftest
[DEBUG_CMD] ✅ Debug commands registered: /debug
[DOCGEN] ✅ Documentation commands registered: /documentation [overview|source|architecture]

═══════════════════════════════════════════════════════════════════
  ⚡  AZZAVISION AI v5.0 — AI Trade Scanner + Multi-AI Engine
═══════════════════════════════════════════════════════════════════
  📡 Price Tick       : 6s
  🎯 Min Confidence   : 65%
  🏆 Ensemble Min     : 75/100
  🔒 Signal Cooldown  : 4 jam
  📢 Channel          : -1004310936137
  💾 Database         : ./data/signals.json
  🏦 MM Engine        : Broker-Aware (HFM, Exness, XM, IC Markets, FBS)
  🆕 MM Commands      : /balance /risk /broker /lot /profile
  🔍 Debug Commands   : /callbackcheck /callbacklog /buttonhealth /debug
  📊 Report Commands  : /dailyreport /weeklyreport /report /reporthistory
  📰 News v5.0        : Kategori + Weighted Scoring + AI Verdict
  💾 Backup v5.0      : /backup /backupstatus /backuphistory /restorelist
  🔬 Self Test        : /selftest
  🔭 Trade Scanner    : /scan short | /scan medium | /scan long
  🤖 AI Engine        : Gemini → OpenRouter → Groq → Offline AI
═══════════════════════════════════════════════════════════════════

[LEARN] Dataset siap: /home/runner/work/Azza-Vision-AI/Azza-Vision-AI/bot/data/learning_dataset.json
[DB] JSON storage siap: /home/runner/work/Azza-Vision-AI/Azza-Vision-AI/bot/data/signals.json
[CHANNEL] Channel ID loaded from config: -1004310936137
[BACKUP] Direktori backup siap: /home/runner/work/Azza-Vision-AI/Azza-Vision-AI/bot/data/backups
[BACKUP_ENGINE] ✅ Backup Engine v4.0 siap.
[KEY-MGR] ✅ 46 API key dimuat | Active: 38 | Recovered: 0 | Max req/min per key: 7
[STARTUP] Menjalankan API health check...
[STARTUP] Menjalankan auto retrain...
[RETRAIN-AUTO] Dimulai...
[RETRAIN] Tidak ada perubahan — 35 entries sudah up-to-date
[RETRAIN-AUTO] Selesai — tidak ada perubahan (35 entries)
[STARTUP] Membuat daily backup (JSON snapshots)...
[BACKUP] Daily snapshot: signals_2026-08-28.json
[BACKUP] Daily snapshot: learning_dataset_2026-08-28.json
[BACKUP] Daily backup selesai.
[DAILY-LEARNING] Scheduler aktif — akan kirim setiap 08:00 WIB
[SCANNER] ✅ Scanner aktif (interval: 6s)
[SCHEDULER] ✅ Report Scheduler aktif:
[SCHEDULER]    Daily  → setiap 00:00 WIB
[SCHEDULER]    Weekly → setiap Sabtu 00:00 WIB
[SCHEDULER] ✅ Report Scheduler v5.0 aktif (daily + weekly).
[BACKUP_ENGINE] ✅ Scheduler aktif: 00:00 WIB (17:00 UTC) setiap hari.
[SCHEDULER] ✅ Backup Engine Scheduler aktif (00:00 WIB).
[TRADE-SCANNER] ✅ Scanner Monitor aktif (30s interval) | Auto-scan tiap 60m (+bootstrap retry)
[SCHEDULER] ✅ Trade Scanner AI aktif (SHORT/MEDIUM/LONG).
[API-HEALTH] ❌ GEMINI — No API key configured
[API-HEALTH] ❌ OPENROUTER — No API key configured
[API-HEALTH] ❌ GROQ — HTTP 401
[2026-08-28T05:18:58.733Z] 🌐 Tunnel URL: https://genealogy-slope-ultra-broken.trycloudflare.com
[SCANNER] Menjalankan init scan pertama...
[ENSEMBLE] Score: 33/100 (FAIL)
[NEWS] MarketWatch FX: 8 items, 0 relevant
[NEWS] Investing.com Commodities: 8 items, 3 relevant
[NEWS] Yahoo Finance Gold: 8 items, 6 relevant
[AI] Provider: GROQ | Key: #2 | INVALID KEY → Next key
[AI] Provider: GROQ | Key: #ENV | INVALID KEY → Next key
[AI] Provider: GROQ | Semua key habis → Switch provider
[AI] ⚠️  Semua provider gagal — AI tidak tersedia, bot tetap berjalan normal.
[SCANNER] bias:STRONG_SELL conf:29% | Sim:73% NEUTRAL | Ensemble:33/100 → ⏭ SKIP (M5 tidak valid: Harga 22.0 pips di bawah EMA20 — tunggu pullback ke 4581.85)
[WATCHLIST] ⏳ Alert terkirim — SELL | conf:68% | readiness:86% (6/7)
[ENSEMBLE] Score: 33/100 (FAIL)
[AI] Provider: GROQ | Key: #2 | INVALID KEY → Next key
[AI] Provider: GROQ | Key: #ENV | INVALID KEY → Next key
[AI] Provider: GROQ | Semua key habis → Switch provider
[AI] ⚠️  Semua provider gagal — AI tidak tersedia, bot tetap berjalan normal.
[SCANNER] bias:STRONG_SELL conf:29% | Sim:73% NEUTRAL | Ensemble:33/100 → ⏭ SKIP (M5 tidak valid: Harga 22.0 pips di bawah EMA20 — tunggu pullback ke 4581.85)
[ENSEMBLE] Score: 33/100 (FAIL)
[AI] Provider: GROQ | Key: #2 | INVALID KEY → Next key
[AI] Provider: GROQ | Key: #ENV | INVALID KEY → Next key
[AI] Provider: GROQ | Semua key habis → Switch provider
[AI] ⚠️  Semua provider gagal — AI tidak tersedia, bot tetap berjalan normal.
[SCANNER] bias:STRONG_SELL conf:29% | Sim:73% NEUTRAL | Ensemble:33/100 → ⏭ SKIP (M5 tidak valid: Harga 22.0 pips di bawah EMA20 — tunggu pullback ke 4581.85)
[ENSEMBLE] Score: 33/100 (FAIL)
[AI] Provider: GROQ | Key: #2 | INVALID KEY → Next key
[AI] Provider: GROQ | Key: #ENV | INVALID KEY → Next key
[AI] Provider: GROQ | Semua key habis → Switch provider
[AI] ⚠️  Semua provider gagal — AI tidak tersedia, bot tetap berjalan normal.
[SCANNER] bias:STRONG_SELL conf:29% | Sim:73% NEUTRAL | Ensemble:33/100 → ⏭ SKIP (M5 tidak valid: Harga 22.0 pips di bawah EMA20 — tunggu pullback ke 4581.85)
[ENSEMBLE] Score: 33/100 (FAIL)
[AI] Provider: GROQ | Key: #2 | INVALID KEY → Next key
[AI] Provider: GROQ | Key: #ENV | INVALID KEY → Next key
[AI] Provider: GROQ | Semua key habis → Switch provider
[AI] ⚠️  Semua provider gagal — AI tidak tersedia, bot tetap berjalan normal.
[SCANNER] bias:STRONG_SELL conf:29% | Sim:73% NEUTRAL | Ensemble:33/100 → ⏭ SKIP (M5 tidak valid: Harga 22.0 pips di bawah EMA20 — tunggu pullback ke 4581.85)
[ENSEMBLE] Score: 33/100 (FAIL)
[AI] Provider: GROQ | Key: #2 | INVALID KEY → Next key
[AI] Provider: GROQ | Key: #ENV | INVALID KEY → Next key
[AI] Provider: GROQ | Semua key habis → Switch provider
[AI] ⚠️  Semua provider gagal — AI tidak tersedia, bot tetap berjalan normal.
[SCANNER] bias:STRONG_SELL conf:29% | Sim:73% NEUTRAL | Ensemble:33/100 → ⏭ SKIP (M5 tidak valid: Harga 22.0 pips di bawah EMA20 — tunggu pullback ke 4581.85)
[ENSEMBLE] Score: 33/100 (FAIL)
[AI] Provider: GROQ | Key: #2 | INVALID KEY → Next key
[AI] Provider: GROQ | Key: #ENV | INVALID KEY → Next key
[AI] Provider: GROQ | Semua key habis → Switch provider
[AI] ⚠️  Semua provider gagal — AI tidak tersedia, bot tetap berjalan normal.
[SCANNER] bias:STRONG_SELL conf:29% | Sim:73% NEUTRAL | Ensemble:33/100 → ⏭ SKIP (M5 tidak valid: Harga 22.0 pips di bawah EMA20 — tunggu pullback ke 4581.85)
[ENSEMBLE] Score: 33/100 (FAIL)
[AI] Provider: GROQ | Key: #2 | INVALID KEY → Next key
[AI] Provider: GROQ | Key: #ENV | INVALID KEY → Next key
[AI] Provider: GROQ | Semua key habis → Switch provider
[AI] ⚠️  Semua provider gagal — AI tidak tersedia, bot tetap berjalan normal.
[SCANNER] bias:STRONG_SELL conf:29% | Sim:73% NEUTRAL | Ensemble:33/100 → ⏭ SKIP (M5 tidak valid: Harga 22.0 pips di bawah EMA20 — tunggu pullback ke 4581.85)
[ENSEMBLE] Score: 33/100 (FAIL)
[AI] Provider: GROQ | Key: #2 | INVALID KEY → Next key
[AI] Provider: GROQ | Key: #ENV | INVALID KEY → Next key
[AI] Provider: GROQ | Semua key habis → Switch provider
[AI] ⚠️  Semua provider gagal — AI tidak tersedia, bot tetap berjalan normal.
[SCANNER] bias:STRONG_SELL conf:29% | Sim:73% NEUTRAL | Ensemble:33/100 → ⏭ SKIP (M5 tidak valid: Harga 22.0 pips di bawah EMA20 — tunggu pullback ke 4581.85)
[ENSEMBLE] Score: 33/100 (FAIL)
[AI] Provider: GROQ | Key: #2 | INVALID KEY → Next key
[AI] Provider: GROQ | Key: #ENV | INVALID KEY → Next key
[AI] Provider: GROQ | Semua key habis → Switch provider
[AI] ⚠️  Semua provider gagal — AI tidak tersedia, bot tetap berjalan normal.
[SCANNER] bias:STRONG_SELL conf:50% | Sim:79% CAUTION | Ensemble:33/100 → ⏭ SKIP (Confidence rendah: 50%)
[EBOOK-ENGINE] 📌 Signal ter-pin (#872)
[DB] Signal #240 disimpan (BUY @ 4581.48)
[EBOOK-ENGINE] ✅ Signal #240 terkirim (BUY @ 4581.48 | HHLL Trend Following)
[ENSEMBLE] Score: 33/100 (FAIL)
[AI] Provider: GROQ | Key: #2 | INVALID KEY → Next key
[AI] Provider: GROQ | Key: #ENV | INVALID KEY → Next key
[AI] Provider: GROQ | Semua key habis → Switch provider
[AI] ⚠️  Semua provider gagal — AI tidak tersedia, bot tetap berjalan normal.
[SCANNER] bias:STRONG_SELL conf:50% | Sim:79% CAUTION | Ensemble:33/100 → ⏭ SKIP (Confidence rendah: 50%)
[EBOOK-ENGINE] Cooldown 240min | HHLL Trend Following
[ENSEMBLE] Score: 33/100 (FAIL)
[AI] Provider: GROQ | Key: #2 | INVALID KEY → Next key
[AI] Provider: GROQ | Key: #ENV | INVALID KEY → Next key
[AI] Provider: GROQ | Semua key habis → Switch provider
[AI] ⚠️  Semua provider gagal — AI tidak tersedia, bot tetap berjalan normal.
[SCANNER] bias:STRONG_SELL conf:50% | Sim:79% CAUTION | Ensemble:33/100 → ⏭ SKIP (Confidence rendah: 50%)
[EBOOK-ENGINE] Cooldown 240min | HHLL Trend Following
[ENSEMBLE] Score: 33/100 (FAIL)
[AI] Provider: GROQ | Key: #2 | INVALID KEY → Next key
[AI] Provider: GROQ | Key: #ENV | INVALID KEY → Next key
[AI] Provider: GROQ | Semua key habis → Switch provider
[AI] ⚠️  Semua provider gagal — AI tidak tersedia, bot tetap berjalan normal.
[SCANNER] bias:STRONG_SELL conf:50% | Sim:79% CAUTION | Ensemble:33/100 → ⏭ SKIP (Confidence rendah: 50%)
[EBOOK-ENGINE] Cooldown 239min | HHLL Trend Following
[DB] Breakeven triggered — Signal #240
[BREAKEVEN] 🔒 Signal #240 — profit +29.4 pips → Move SL to BE
[ENSEMBLE] Score: 33/100 (FAIL)
[AI] Provider: GROQ | Key: #2 | INVALID KEY → Next key
[AI] Provider: GROQ | Key: #ENV | INVALID KEY → Next key
[AI] Provider: GROQ | Semua key habis → Switch provider
[AI] ⚠️  Semua provider gagal — AI tidak tersedia, bot tetap berjalan normal.
[SCANNER] bias:STRONG_SELL conf:50% | Sim:79% CAUTION | Ensemble:33/100 → ⏭ SKIP (Confidence rendah: 50%)
[EBOOK-ENGINE] Cooldown 238min | HHLL Trend Following
[ENSEMBLE] Score: 33/100 (FAIL)
[AI] Provider: GROQ | Key: #2 | INVALID KEY → Next key
[AI] Provider: GROQ | Key: #ENV | INVALID KEY → Next key
[AI] Provider: GROQ | Semua key habis → Switch provider
[AI] ⚠️  Semua provider gagal — AI tidak tersedia, bot tetap berjalan normal.
[SCANNER] bias:STRONG_SELL conf:50% | Sim:79% CAUTION | Ensemble:33/100 → ⏭ SKIP (Confidence rendah: 50%)
[EBOOK-ENGINE] Cooldown 238min | HHLL Trend Following
[ENSEMBLE] Score: 33/100 (FAIL)
[AI] Provider: GROQ | Key: #2 | INVALID KEY → Next key
[AI] Provider: GROQ | Key: #ENV | INVALID KEY → Next key
[AI] Provider: GROQ | Semua key habis → Switch provider
[AI] ⚠️  Semua provider gagal — AI tidak tersedia, bot tetap berjalan normal.
[SCANNER] bias:STRONG_SELL conf:50% | Sim:79% CAUTION | Ensemble:33/100 → ⏭ SKIP (Confidence rendah: 50%)
[EBOOK-ENGINE] Cooldown 238min | HHLL Trend Following
[ENSEMBLE] Score: 33/100 (FAIL)
[AI] Provider: GROQ | Key: #2 | INVALID KEY → Next key
[AI] Provider: GROQ | Key: #ENV | INVALID KEY → Next key
[AI] Provider: GROQ | Semua key habis → Switch provider
[AI] ⚠️  Semua provider gagal — AI tidak tersedia, bot tetap berjalan normal.
[SCANNER] bias:STRONG_SELL conf:50% | Sim:79% CAUTION | Ensemble:33/100 → ⏭ SKIP (Confidence rendah: 50%)
[EBOOK-ENGINE] Cooldown 237min | HHLL Trend Following
[ENSEMBLE] Score: 33/100 (FAIL)
[AI] Provider: GROQ | Key: #2 | INVALID KEY → Next key
[AI] Provider: GROQ | Key: #ENV | INVALID KEY → Next key
[AI] Provider: GROQ | Semua key habis → Switch provider
[AI] ⚠️  Semua provider gagal — AI tidak tersedia, bot tetap berjalan normal.
[SCANNER] bias:STRONG_SELL conf:50% | Sim:79% CAUTION | Ensemble:33/100 → ⏭ SKIP (Confidence rendah: 50%)
[EBOOK-ENGINE] Cooldown 236min | HHLL Trend Following
[AI] Provider: GROQ | Key: #2 | INVALID KEY → Next key
[AI] Provider: GROQ | Key: #ENV | INVALID KEY → Next key
[AI] Provider: GROQ | Semua key habis → Switch provider
[AI] ⚠️  Semua provider gagal — AI tidak tersedia, bot tetap berjalan normal.
[SCANNER] bias:NEUTRAL conf:10% | Sim:69% NEUTRAL → ⏭ SKIP (Trend tidak aligned (H4:NEUTRAL H1:STRONG_SELL))
[EBOOK-ENGINE] Cooldown 236min | HHLL Trend Following
[AI] Provider: GROQ | Key: #2 | INVALID KEY → Next key
[AI] Provider: GROQ | Key: #ENV | INVALID KEY → Next key
[AI] Provider: GROQ | Semua key habis → Switch provider
[AI] ⚠️  Semua provider gagal — AI tidak tersedia, bot tetap berjalan normal.
[SCANNER] bias:NEUTRAL conf:10% | Sim:69% NEUTRAL → ⏭ SKIP (Trend tidak aligned (H4:NEUTRAL H1:STRONG_SELL))
[EBOOK-ENGINE] Cooldown 236min | HHLL Trend Following
[AI] Provider: GROQ | Key: #2 | INVALID KEY → Next key
[AI] Provider: GROQ | Key: #ENV | INVALID KEY → Next key
[AI] Provider: GROQ | Semua key habis → Switch provider
[AI] ⚠️  Semua provider gagal — AI tidak tersedia, bot tetap berjalan normal.
[SCANNER] bias:NEUTRAL conf:10% | Sim:69% NEUTRAL → ⏭ SKIP (Trend tidak aligned (H4:NEUTRAL H1:STRONG_SELL))
[EBOOK-ENGINE] Cooldown 235min | HHLL Trend Following
[AI] Provider: GROQ | Key: #2 | INVALID KEY → Next key
[AI] Provider: GROQ | Key: #ENV | INVALID KEY → Next key
[AI] Provider: GROQ | Semua key habis → Switch provider
[AI] ⚠️  Semua provider gagal — AI tidak tersedia, bot tetap berjalan normal.
[SCANNER] bias:NEUTRAL conf:10% | Sim:69% NEUTRAL → ⏭ SKIP (Trend tidak aligned (H4:NEUTRAL H1:STRONG_SELL))
[EBOOK-ENGINE] Cooldown 234min | HHLL Trend Following
[AI] Provider: GROQ | Key: #2 | INVALID KEY → Next key
[AI] Provider: GROQ | Key: #ENV | INVALID KEY → Next key
[AI] Provider: GROQ | Semua key habis → Switch provider
[AI] ⚠️  Semua provider gagal — AI tidak tersedia, bot tetap berjalan normal.
[SCANNER] bias:NEUTRAL conf:10% | Sim:69% NEUTRAL → ⏭ SKIP (Trend tidak aligned (H4:NEUTRAL H1:STRONG_SELL))
[EBOOK-ENGINE] Cooldown 234min | HHLL Trend Following
[AI] Provider: GROQ | Key: #2 | INVALID KEY → Next key
[AI] Provider: GROQ | Key: #ENV | INVALID KEY → Next key
[AI] Provider: GROQ | Semua key habis → Switch provider
[AI] ⚠️  Semua provider gagal — AI tidak tersedia, bot tetap berjalan normal.
[SCANNER] bias:NEUTRAL conf:10% | Sim:69% NEUTRAL → ⏭ SKIP (Trend tidak aligned (H4:NEUTRAL H1:STRONG_SELL))
[EBOOK-ENGINE] Cooldown 234min | HHLL Trend Following
[AI] Provider: GROQ | Key: #2 | INVALID KEY → Next key
[AI] Provider: GROQ | Key: #ENV | INVALID KEY → Next key
[AI] Provider: GROQ | Semua key habis → Switch provider
[AI] ⚠️  Semua provider gagal — AI tidak tersedia, bot tetap berjalan normal.
[SCANNER] bias:NEUTRAL conf:10% | Sim:69% NEUTRAL → ⏭ SKIP (Trend tidak aligned (H4:NEUTRAL H1:STRONG_SELL))
[EBOOK-ENGINE] Cooldown 233min | HHLL Trend Following
[AI] Provider: GROQ | Key: #2 | INVALID KEY → Next key
[AI] Provider: GROQ | Key: #ENV | INVALID KEY → Next key
[AI] Provider: GROQ | Semua key habis → Switch provider
[AI] ⚠️  Semua provider gagal — AI tidak tersedia, bot tetap berjalan normal.
[SCANNER] bias:NEUTRAL conf:10% | Sim:69% NEUTRAL → ⏭ SKIP (Trend tidak aligned (H4:NEUTRAL H1:STRONG_SELL))
[EBOOK-ENGINE] Cooldown 233min | HHLL Trend Following
[ENSEMBLE] Score: 39/100 (FAIL)
[AI] Provider: GROQ | Key: #2 | INVALID KEY → Next key
[AI] Provider: GROQ | Key: #ENV | INVALID KEY → Next key
[AI] Provider: GROQ | Semua key habis → Switch provider
[AI] ⚠️  Semua provider gagal — AI tidak tersedia, bot tetap berjalan normal.
[SCANNER] bias:NEUTRAL conf:43% | Sim:75% VALID | Ensemble:39/100 → ⏭ SKIP (Confidence rendah: 43%)
[EBOOK-ENGINE] Cooldown 232min | Supply & Demand Zone
[ENSEMBLE] Score: 39/100 (FAIL)
[AI] Provider: GROQ | Key: #2 | INVALID KEY → Next key
[AI] Provider: GROQ | Key: #ENV | INVALID KEY → Next key
[AI] Provider: GROQ | Semua key habis → Switch provider
[AI] ⚠️  Semua provider gagal — AI tidak tersedia, bot tetap berjalan normal.
[SCANNER] bias:NEUTRAL conf:43% | Sim:75% VALID | Ensemble:39/100 → ⏭ SKIP (Confidence rendah: 43%)
[EBOOK-ENGINE] Cooldown 232min | Supply & Demand Zone
[ENSEMBLE] Score: 39/100 (FAIL)
[AI] Provider: GROQ | Key: #2 | INVALID KEY → Next key
[AI] Provider: GROQ | Key: #ENV | INVALID KEY → Next key
[AI] Provider: GROQ | Semua key habis → Switch provider
[AI] ⚠️  Semua provider gagal — AI tidak tersedia, bot tetap berjalan normal.
[SCANNER] bias:NEUTRAL conf:43% | Sim:75% VALID | Ensemble:39/100 → ⏭ SKIP (Confidence rendah: 43%)
[EBOOK-ENGINE] Cooldown 231min | Supply & Demand Zone
[ENSEMBLE] Score: 39/100 (FAIL)
[AI] Provider: GROQ | Key: #2 | INVALID KEY → Next key
[AI] Provider: GROQ | Key: #ENV | INVALID KEY → Next key
[AI] Provider: GROQ | Semua key habis → Switch provider
[AI] ⚠️  Semua provider gagal — AI tidak tersedia, bot tetap berjalan normal.
[SCANNER] bias:NEUTRAL conf:43% | Sim:75% VALID | Ensemble:39/100 → ⏭ SKIP (Confidence rendah: 43%)
[EBOOK-ENGINE] Cooldown 231min | Supply & Demand Zone
[ENSEMBLE] Score: 39/100 (FAIL)
[AI] Provider: GROQ | Key: #2 | INVALID KEY → Next key
[AI] Provider: GROQ | Key: #ENV | INVALID KEY → Next key
[AI] Provider: GROQ | Semua key habis → Switch provider
[AI] ⚠️  Semua provider gagal — AI tidak tersedia, bot tetap berjalan normal.
[SCANNER] bias:NEUTRAL conf:43% | Sim:75% VALID | Ensemble:39/100 → ⏭ SKIP (Confidence rendah: 43%)
[EBOOK-ENGINE] Cooldown 230min | Supply & Demand Zone
[ENSEMBLE] Score: 39/100 (FAIL)
[NEWS] Investing.com Commodities: 8 items, 3 relevant
[NEWS] MarketWatch FX: 8 items, 0 relevant
[NEWS] Yahoo Finance Gold: 8 items, 6 relevant
[AI] Provider: GROQ | Key: #2 | INVALID KEY → Next key
[AI] Provider: GROQ | Key: #ENV | INVALID KEY → Next key
[AI] Provider: GROQ | Semua key habis → Switch provider
[AI] ⚠️  Semua provider gagal — AI tidak tersedia, bot tetap berjalan normal.
[SCANNER] bias:NEUTRAL conf:43% | Sim:75% VALID | Ensemble:39/100 → ⏭ SKIP (Confidence rendah: 43%)
[EBOOK-ENGINE] Cooldown 229min | Supply & Demand Zone
[ENSEMBLE] Score: 39/100 (FAIL)
[AI] Provider: GROQ | Key: #2 | INVALID KEY → Next key
[AI] Provider: GROQ | Key: #ENV | INVALID KEY → Next key
[AI] Provider: GROQ | Semua key habis → Switch provider
[AI] ⚠️  Semua provider gagal — AI tidak tersedia, bot tetap berjalan normal.
[SCANNER] bias:NEUTRAL conf:43% | Sim:75% VALID | Ensemble:39/100 → ⏭ SKIP (Confidence rendah: 43%)
[EBOOK-ENGINE] Cooldown 229min | Supply & Demand Zone
[ENSEMBLE] Score: 39/100 (FAIL)
[AI] Provider: GROQ | Key: #2 | INVALID KEY → Next key
[AI] Provider: GROQ | Key: #ENV | INVALID KEY → Next key
[AI] Provider: GROQ | Semua key habis → Switch provider
[AI] ⚠️  Semua provider gagal — AI tidak tersedia, bot tetap berjalan normal.
[SCANNER] bias:NEUTRAL conf:43% | Sim:75% VALID | Ensemble:39/100 → ⏭ SKIP (Confidence rendah: 43%)
[EBOOK-ENGINE] Cooldown 229min | Supply & Demand Zone
[ENSEMBLE] Score: 39/100 (FAIL)
[AI] Provider: GROQ | Key: #2 | INVALID KEY → Next key
[AI] Provider: GROQ | Key: #ENV | INVALID KEY → Next key
[AI] Provider: GROQ | Semua key habis → Switch provider
[AI] ⚠️  Semua provider gagal — AI tidak tersedia, bot tetap berjalan normal.
[SCANNER] bias:NEUTRAL conf:43% | Sim:75% VALID | Ensemble:39/100 → ⏭ SKIP (Confidence rendah: 43%)
[ENSEMBLE] Score: 39/100 (FAIL)
[AI] Provider: GROQ | Key: #2 | INVALID KEY → Next key
[AI] Provider: GROQ | Key: #ENV | INVALID KEY → Next key
[AI] Provider: GROQ | Semua key habis → Switch provider
[AI] ⚠️  Semua provider gagal — AI tidak tersedia, bot tetap berjalan normal.
[SCANNER] bias:STRONG_SELL conf:30% | Sim:73% CAUTION | Ensemble:39/100 → ⏭ SKIP (M5 tidak valid: Harga 26.0 pips di bawah EMA20 — tunggu pullback ke 4581.95)
[ENSEMBLE] Score: 39/100 (FAIL)
[AI] Provider: GROQ | Key: #2 | INVALID KEY → Next key
[AI] Provider: GROQ | Key: #ENV | INVALID KEY → Next key
[AI] Provider: GROQ | Semua key habis → Switch provider
[AI] ⚠️  Semua provider gagal — AI tidak tersedia, bot tetap berjalan normal.
[SCANNER] bias:STRONG_SELL conf:30% | Sim:73% CAUTION | Ensemble:39/100 → ⏭ SKIP (M5 tidak valid: Harga 26.0 pips di bawah EMA20 — tunggu pullback ke 4581.95)
[ENSEMBLE] Score: 39/100 (FAIL)
[AI] Provider: GROQ | Key: #2 | INVALID KEY → Next key
[AI] Provider: GROQ | Key: #ENV | INVALID KEY → Next key
[AI] Provider: GROQ | Semua key habis → Switch provider
[AI] ⚠️  Semua provider gagal — AI tidak tersedia, bot tetap berjalan normal.
[SCANNER] bias:STRONG_SELL conf:30% | Sim:73% CAUTION | Ensemble:39/100 → ⏭ SKIP (M5 tidak valid: Harga 26.0 pips di bawah EMA20 — tunggu pullback ke 4581.95)
[ENSEMBLE] Score: 39/100 (FAIL)
[AI] Provider: GROQ | Key: #2 | INVALID KEY → Next key
[AI] Provider: GROQ | Key: #ENV | INVALID KEY → Next key
[AI] Provider: GROQ | Semua key habis → Switch provider
[AI] ⚠️  Semua provider gagal — AI tidak tersedia, bot tetap berjalan normal.
[SCANNER] bias:STRONG_SELL conf:30% | Sim:73% CAUTION | Ensemble:39/100 → ⏭ SKIP (M5 tidak valid: Harga 26.0 pips di bawah EMA20 — tunggu pullback ke 4581.95)
[ENSEMBLE] Score: 39/100 (FAIL)
[AI] Provider: GROQ | Key: #2 | INVALID KEY → Next key
[AI] Provider: GROQ | Key: #ENV | INVALID KEY → Next key
[AI] Provider: GROQ | Semua key habis → Switch provider
[AI] ⚠️  Semua provider gagal — AI tidak tersedia, bot tetap berjalan normal.
[SCANNER] bias:STRONG_SELL conf:30% | Sim:73% CAUTION | Ensemble:39/100 → ⏭ SKIP (M5 tidak valid: Harga 26.0 pips di bawah EMA20 — tunggu pullback ke 4581.95)
[ENSEMBLE] Score: 39/100 (FAIL)
[AI] Provider: GROQ | Key: #2 | INVALID KEY → Next key
[AI] Provider: GROQ | Key: #ENV | INVALID KEY → Next key
[AI] Provider: GROQ | Semua key habis → Switch provider
[AI] ⚠️  Semua provider gagal — AI tidak tersedia, bot tetap berjalan normal.
[SCANNER] bias:STRONG_SELL conf:30% | Sim:73% CAUTION | Ensemble:39/100 → ⏭ SKIP (M5 tidak valid: Harga 26.0 pips di bawah EMA20 — tunggu pullback ke 4581.95)
[DB] Signal #240 ditutup → BREAKEVEN (+0 pips @ 4577.07799)
[LEARN] updateLearningResult: Entry untuk Signal #240 tidak ditemukan
[RETRAIN-AUTO] Dimulai...
[AUTO-CLOSE] ✅ Signal #240 closed: BREAKEVEN | BE @ Entry: 4581.48 | +0 pips
[RETRAIN] Tidak ada perubahan — 35 entries sudah up-to-date
[RETRAIN-AUTO] Selesai — tidak ada perubahan (35 entries)
[AUTO-CLOSE] 📌 Sinyal #240 di-unpin (BREAKEVEN)
[AI] Provider: GROQ | Key: #2 | INVALID KEY → Next key
[AI] Provider: GROQ | Key: #ENV | INVALID KEY → Next key
[AI] Provider: GROQ | Semua key habis → Switch provider
[AI] ⚠️  Semua provider gagal — AI tidak tersedia, bot tetap berjalan normal.
[AI-JOURNAL] AI returned empty/invalid data — using fallback template
[JOURNAL] 📝 Jurnal AI terkirim untuk trade #240
[ENSEMBLE] Score: 39/100 (FAIL)
[AI] Provider: GROQ | Key: #2 | INVALID KEY → Next key
[AI] Provider: GROQ | Key: #ENV | INVALID KEY → Next key
[AI] Provider: GROQ | Semua key habis → Switch provider
[AI] ⚠️  Semua provider gagal — AI tidak tersedia, bot tetap berjalan normal.
[SCANNER] bias:STRONG_SELL conf:30% | Sim:73% CAUTION | Ensemble:39/100 → ⏭ SKIP (M5 tidak valid: Harga 26.0 pips di bawah EMA20 — tunggu pullback ke 4581.95)
[ENSEMBLE] Score: 39/100 (FAIL)
[AI] Provider: GROQ | Key: #2 | INVALID KEY → Next key
[AI] Provider: GROQ | Key: #ENV | INVALID KEY → Next key
[AI] Provider: GROQ | Semua key habis → Switch provider
[AI] ⚠️  Semua provider gagal — AI tidak tersedia, bot tetap berjalan normal.
[SCANNER] bias:STRONG_SELL conf:30% | Sim:73% CAUTION | Ensemble:39/100 → ⏭ SKIP (M5 tidak valid: Harga 26.0 pips di bawah EMA20 — tunggu pullback ke 4581.95)
[EBOOK-ENGINE] Cooldown 224min | MACD Momentum Scalp
[ENSEMBLE] Score: 43/100 (FAIL)
[AI] Provider: GROQ | Key: #2 | INVALID KEY → Next key
[AI] Provider: GROQ | Key: #ENV | INVALID KEY → Next key
[AI] Provider: GROQ | Semua key habis → Switch provider
[AI] ⚠️  Semua provider gagal — AI tidak tersedia, bot tetap berjalan normal.
[SCANNER] bias:STRONG_SELL conf:29% | Sim:73% NEUTRAL | Ensemble:43/100 → ⏭ SKIP (M5 tidak valid: Harga 39.7 pips di bawah EMA20 — tunggu pullback ke 4581.54)
[EBOOK-ENGINE] Cooldown 224min | MACD Momentum Scalp
[ENSEMBLE] Score: 43/100 (FAIL)
[AI] Provider: GROQ | Key: #2 | INVALID KEY → Next key
[AI] Provider: GROQ | Key: #ENV | INVALID KEY → Next key
[AI] Provider: GROQ | Semua key habis → Switch provider
[AI] ⚠️  Semua provider gagal — AI tidak tersedia, bot tetap berjalan normal.
[SCANNER] bias:STRONG_SELL conf:29% | Sim:73% NEUTRAL | Ensemble:43/100 → ⏭ SKIP (M5 tidak valid: Harga 39.7 pips di bawah EMA20 — tunggu pullback ke 4581.54)
[EBOOK-ENGINE] Cooldown 223min | MACD Momentum Scalp
[ENSEMBLE] Score: 43/100 (FAIL)
[AI] Provider: GROQ | Key: #2 | INVALID KEY → Next key
[AI] Provider: GROQ | Key: #ENV | INVALID KEY → Next key
[AI] Provider: GROQ | Semua key habis → Switch provider
[AI] ⚠️  Semua provider gagal — AI tidak tersedia, bot tetap berjalan normal.
[SCANNER] bias:STRONG_SELL conf:29% | Sim:73% NEUTRAL | Ensemble:43/100 → ⏭ SKIP (M5 tidak valid: Harga 39.7 pips di bawah EMA20 — tunggu pullback ke 4581.54)
[EBOOK-ENGINE] Cooldown 223min | MACD Momentum Scalp
[ENSEMBLE] Score: 43/100 (FAIL)
[AI] Provider: GROQ | Key: #2 | INVALID KEY → Next key
[AI] Provider: GROQ | Key: #ENV | INVALID KEY → Next key
[AI] Provider: GROQ | Semua key habis → Switch provider
[AI] ⚠️  Semua provider gagal — AI tidak tersedia, bot tetap berjalan normal.
[SCANNER] bias:STRONG_SELL conf:29% | Sim:73% NEUTRAL | Ensemble:43/100 → ⏭ SKIP (M5 tidak valid: Harga 39.7 pips di bawah EMA20 — tunggu pullback ke 4581.54)
[EBOOK-ENGINE] Cooldown 222min | MACD Momentum Scalp
[ENSEMBLE] Score: 43/100 (FAIL)
[AI] Provider: GROQ | Key: #2 | INVALID KEY → Next key
[AI] Provider: GROQ | Key: #ENV | INVALID KEY → Next key
[AI] Provider: GROQ | Semua key habis → Switch provider
[AI] ⚠️  Semua provider gagal — AI tidak tersedia, bot tetap berjalan normal.
[SCANNER] bias:STRONG_SELL conf:29% | Sim:73% NEUTRAL | Ensemble:43/100 → ⏭ SKIP (M5 tidak valid: Harga 39.7 pips di bawah EMA20 — tunggu pullback ke 4581.54)
[EBOOK-ENGINE] Cooldown 221min | MACD Momentum Scalp
[ENSEMBLE] Score: 43/100 (FAIL)
[AI] Provider: GROQ | Key: #2 | INVALID KEY → Next key
[AI] Provider: GROQ | Key: #ENV | INVALID KEY → Next key
[AI] Provider: GROQ | Semua key habis → Switch provider
[AI] ⚠️  Semua provider gagal — AI tidak tersedia, bot tetap berjalan normal.
[SCANNER] bias:STRONG_SELL conf:29% | Sim:73% NEUTRAL | Ensemble:43/100 → ⏭ SKIP (M5 tidak valid: Harga 39.7 pips di bawah EMA20 — tunggu pullback ke 4581.54)
[EBOOK-ENGINE] Cooldown 221min | MACD Momentum Scalp
[ENSEMBLE] Score: 43/100 (FAIL)
[AI] Provider: GROQ | Key: #2 | INVALID KEY → Next key
[AI] Provider: GROQ | Key: #ENV | INVALID KEY → Next key
[AI] Provider: GROQ | Semua key habis → Switch provider
[AI] ⚠️  Semua provider gagal — AI tidak tersedia, bot tetap berjalan normal.
[SCANNER] bias:STRONG_SELL conf:29% | Sim:73% NEUTRAL | Ensemble:43/100 → ⏭ SKIP (M5 tidak valid: Harga 39.7 pips di bawah EMA20 — tunggu pullback ke 4581.54)
[EBOOK-ENGINE] Cooldown 221min | MACD Momentum Scalp
[ENSEMBLE] Score: 43/100 (FAIL)
[AI] Provider: GROQ | Key: #2 | INVALID KEY → Next key
[AI] Provider: GROQ | Key: #ENV | INVALID KEY → Next key
[AI] Provider: GROQ | Semua key habis → Switch provider
[AI] ⚠️  Semua provider gagal — AI tidak tersedia, bot tetap berjalan normal.
[SCANNER] bias:STRONG_SELL conf:29% | Sim:73% NEUTRAL | Ensemble:43/100 → ⏭ SKIP (M5 tidak valid: Harga 39.7 pips di bawah EMA20 — tunggu pullback ke 4581.54)
[EBOOK-ENGINE] Cooldown 220min | MACD Momentum Scalp
[ENSEMBLE] Score: 43/100 (FAIL)
[AI] Provider: GROQ | Key: #2 | INVALID KEY → Next key
[AI] Provider: GROQ | Key: #ENV | INVALID KEY → Next key
[AI] Provider: GROQ | Semua key habis → Switch provider
[AI] ⚠️  Semua provider gagal — AI tidak tersedia, bot tetap berjalan normal.
[SCANNER] bias:STRONG_SELL conf:29% | Sim:74% NEUTRAL | Ensemble:43/100 → ⏭ SKIP (M5 tidak valid: Harga 66.9 pips di bawah EMA20 — tunggu pullback ke 4580.69)
[ENSEMBLE] Score: 43/100 (FAIL)
[AI] Provider: GROQ | Key: #2 | INVALID KEY → Next key
[AI] Provider: GROQ | Key: #ENV | INVALID KEY → Next key
[AI] Provider: GROQ | Semua key habis → Switch provider
[AI] ⚠️  Semua provider gagal — AI tidak tersedia, bot tetap berjalan normal.
[SCANNER] bias:STRONG_SELL conf:29% | Sim:74% NEUTRAL | Ensemble:43/100 → ⏭ SKIP (M5 tidak valid: Harga 66.9 pips di bawah EMA20 — tunggu pullback ke 4580.69)
[ENSEMBLE] Score: 43/100 (FAIL)
[AI] Provider: GROQ | Key: #2 | INVALID KEY → Next key
[AI] Provider: GROQ | Key: #ENV | INVALID KEY → Next key
[AI] Provider: GROQ | Semua key habis → Switch provider
[AI] ⚠️  Semua provider gagal — AI tidak tersedia, bot tetap berjalan normal.
[SCANNER] bias:STRONG_SELL conf:29% | Sim:74% NEUTRAL | Ensemble:43/100 → ⏭ SKIP (M5 tidak valid: Harga 66.9 pips di bawah EMA20 — tunggu pullback ke 4580.69)
[ENSEMBLE] Score: 43/100 (FAIL)
[AI] Provider: GROQ | Key: #2 | INVALID KEY → Next key
[AI] Provider: GROQ | Key: #ENV | INVALID KEY → Next key
[AI] Provider: GROQ | Semua key habis → Switch provider
[AI] ⚠️  Semua provider gagal — AI tidak tersedia, bot tetap berjalan normal.
[SCANNER] bias:STRONG_SELL conf:29% | Sim:74% NEUTRAL | Ensemble:43/100 → ⏭ SKIP (M5 tidak valid: Harga 66.9 pips di bawah EMA20 — tunggu pullback ke 4580.69)
[ENSEMBLE] Score: 43/100 (FAIL)
[AI] Provider: GROQ | Key: #2 | INVALID KEY → Next key
[AI] Provider: GROQ | Key: #ENV | INVALID KEY → Next key
[AI] Provider: GROQ | Semua key habis → Switch provider
[AI] ⚠️  Semua provider gagal — AI tidak tersedia, bot tetap berjalan normal.
[SCANNER] bias:STRONG_SELL conf:29% | Sim:74% NEUTRAL | Ensemble:43/100 → ⏭ SKIP (M5 tidak valid: Harga 66.9 pips di bawah EMA20 — tunggu pullback ke 4580.69)
[ENSEMBLE] Score: 43/100 (FAIL)
[AI] Provider: GROQ | Key: #2 | INVALID KEY → Next key
[AI] Provider: GROQ | Key: #ENV | INVALID KEY → Next key
[AI] Provider: GROQ | Semua key habis → Switch provider
[AI] ⚠️  Semua provider gagal — AI tidak tersedia, bot tetap berjalan normal.
[SCANNER] bias:STRONG_SELL conf:29% | Sim:74% NEUTRAL | Ensemble:43/100 → ⏭ SKIP (M5 tidak valid: Harga 66.9 pips di bawah EMA20 — tunggu pullback ke 4580.69)
[ENSEMBLE] Score: 43/100 (FAIL)
[AI] Provider: GROQ | Key: #2 | INVALID KEY → Next key
[AI] Provider: GROQ | Key: #ENV | INVALID KEY → Next key
[AI] Provider: GROQ | Semua key habis → Switch provider
[AI] ⚠️  Semua provider gagal — AI tidak tersedia, bot tetap berjalan normal.
[SCANNER] bias:STRONG_SELL conf:29% | Sim:74% NEUTRAL | Ensemble:43/100 → ⏭ SKIP (M5 tidak valid: Harga 66.9 pips di bawah EMA20 — tunggu pullback ke 4580.69)
[ENSEMBLE] Score: 43/100 (FAIL)
[AI] Provider: GROQ | Key: #2 | INVALID KEY → Next key
[AI] Provider: GROQ | Key: #ENV | INVALID KEY → Next key
[AI] Provider: GROQ | Semua key habis → Switch provider
[AI] ⚠️  Semua provider gagal — AI tidak tersedia, bot tetap berjalan normal.
[SCANNER] bias:STRONG_SELL conf:29% | Sim:74% NEUTRAL | Ensemble:43/100 → ⏭ SKIP (M5 tidak valid: Harga 66.9 pips di bawah EMA20 — tunggu pullback ke 4580.69)
[ENSEMBLE] Score: 43/100 (FAIL)
[AI] Provider: GROQ | Key: #2 | INVALID KEY → Next key
[AI] Provider: GROQ | Key: #ENV | INVALID KEY → Next key
[AI] Provider: GROQ | Semua key habis → Switch provider
[AI] ⚠️  Semua provider gagal — AI tidak tersedia, bot tetap berjalan normal.
[SCANNER] bias:STRONG_SELL conf:29% | Sim:74% NEUTRAL | Ensemble:43/100 → ⏭ SKIP (M5 tidak valid: Harga 66.9 pips di bawah EMA20 — tunggu pullback ke 4580.69)
[ENSEMBLE] Score: 43/100 (FAIL)
[AI] Provider: GROQ | Key: #2 | INVALID KEY → Next key
[AI] Provider: GROQ | Key: #ENV | INVALID KEY → Next key
[AI] Provider: GROQ | Semua key habis → Switch provider
[AI] ⚠️  Semua provider gagal — AI tidak tersedia, bot tetap berjalan normal.
[SCANNER] bias:STRONG_SELL conf:29% | Sim:74% NEUTRAL | Ensemble:43/100 → ⏭ SKIP (M5 tidak valid: Harga 71.5 pips di bawah EMA20 — tunggu pullback ke 4579.81)
[ENSEMBLE] Score: 43/100 (FAIL)
[NEWS] Investing.com Commodities: 8 items, 3 relevant
[NEWS] MarketWatch FX: 8 items, 0 relevant
[NEWS] Yahoo Finance Gold: 8 items, 6 relevant
[AI] Provider: GROQ | Key: #2 | INVALID KEY → Next key
[AI] Provider: GROQ | Key: #ENV | INVALID KEY → Next key
[AI] Provider: GROQ | Semua key habis → Switch provider
[AI] ⚠️  Semua provider gagal — AI tidak tersedia, bot tetap berjalan normal.
[SCANNER] bias:STRONG_SELL conf:29% | Sim:74% NEUTRAL | Ensemble:43/100 → ⏭ SKIP (M5 tidak valid: Harga 71.5 pips di bawah EMA20 — tunggu pullback ke 4579.81)
[WATCHLIST] ⏳ Alert terkirim — SELL | conf:68% | readiness:86% (6/7)
[ENSEMBLE] Score: 43/100 (FAIL)
[AI] Provider: GROQ | Key: #2 | INVALID KEY → Next key
[AI] Provider: GROQ | Key: #ENV | INVALID KEY → Next key
[AI] Provider: GROQ | Semua key habis → Switch provider
[AI] ⚠️  Semua provider gagal — AI tidak tersedia, bot tetap berjalan normal.
[SCANNER] bias:STRONG_SELL conf:29% | Sim:74% NEUTRAL | Ensemble:43/100 → ⏭ SKIP (M5 tidak valid: Harga 71.5 pips di bawah EMA20 — tunggu pullback ke 4579.81)
[ENSEMBLE] Score: 43/100 (FAIL)
[AI] Provider: GROQ | Key: #2 | INVALID KEY → Next key
[AI] Provider: GROQ | Key: #ENV | INVALID KEY → Next key
[AI] Provider: GROQ | Semua key habis → Switch provider
[AI] ⚠️  Semua provider gagal — AI tidak tersedia, bot tetap berjalan normal.
[SCANNER] bias:STRONG_SELL conf:29% | Sim:74% NEUTRAL | Ensemble:43/100 → ⏭ SKIP (M5 tidak valid: Harga 71.5 pips di bawah EMA20 — tunggu pullback ke 4579.81)
[ENSEMBLE] Score: 43/100 (FAIL)
[AI] Provider: GROQ | Key: #2 | INVALID KEY → Next key
[AI] Provider: GROQ | Key: #ENV | INVALID KEY → Next key
[AI] Provider: GROQ | Semua key habis → Switch provider
[AI] ⚠️  Semua provider gagal — AI tidak tersedia, bot tetap berjalan normal.
[SCANNER] bias:STRONG_SELL conf:29% | Sim:74% NEUTRAL | Ensemble:43/100 → ⏭ SKIP (M5 tidak valid: Harga 71.5 pips di bawah EMA20 — tunggu pullback ke 4579.81)
[ENSEMBLE] Score: 43/100 (FAIL)
[AI] Provider: GROQ | Key: #2 | INVALID KEY → Next key
[AI] Provider: GROQ | Key: #ENV | INVALID KEY → Next key
[AI] Provider: GROQ | Semua key habis → Switch provider
[AI] ⚠️  Semua provider gagal — AI tidak tersedia, bot tetap berjalan normal.
[SCANNER] bias:STRONG_SELL conf:29% | Sim:74% NEUTRAL | Ensemble:43/100 → ⏭ SKIP (M5 tidak valid: Harga 71.5 pips di bawah EMA20 — tunggu pullback ke 4579.81)
[ENSEMBLE] Score: 43/100 (FAIL)
[AI] Provider: GROQ | Key: #2 | INVALID KEY → Next key
[AI] Provider: GROQ | Key: #ENV | INVALID KEY → Next key
[AI] Provider: GROQ | Semua key habis → Switch provider
[AI] ⚠️  Semua provider gagal — AI tidak tersedia, bot tetap berjalan normal.
[SCANNER] bias:STRONG_SELL conf:29% | Sim:74% NEUTRAL | Ensemble:43/100 → ⏭ SKIP (M5 tidak valid: Harga 71.5 pips di bawah EMA20 — tunggu pullback ke 4579.81)
[ENSEMBLE] Score: 43/100 (FAIL)
[AI] Provider: GROQ | Key: #2 | INVALID KEY → Next key
[AI] Provider: GROQ | Key: #ENV | INVALID KEY → Next key
[AI] Provider: GROQ | Semua key habis → Switch provider
[AI] ⚠️  Semua provider gagal — AI tidak tersedia, bot tetap berjalan normal.
[SCANNER] bias:STRONG_SELL conf:29% | Sim:74% NEUTRAL | Ensemble:43/100 → ⏭ SKIP (M5 tidak valid: Harga 71.5 pips di bawah EMA20 — tunggu pullback ke 4579.81)
[ENSEMBLE] Score: 43/100 (FAIL)
[AI] Provider: GROQ | Key: #2 | INVALID KEY → Next key
[AI] Provider: GROQ | Key: #ENV | INVALID KEY → Next key
[AI] Provider: GROQ | Semua key habis → Switch provider
[AI] ⚠️  Semua provider gagal — AI tidak tersedia, bot tetap berjalan normal.
[SCANNER] bias:STRONG_SELL conf:29% | Sim:75% NEUTRAL | Ensemble:43/100 → ⏭ SKIP (M5 tidak valid: Harga 41.9 pips di bawah EMA20 — tunggu pullback ke 4579.60)
[EBOOK-ENGINE] Cooldown 211min | HHLL Trend Following
[ENSEMBLE] Score: 43/100 (FAIL)
[AI] Provider: GROQ | Key: #2 | INVALID KEY → Next key
[AI] Provider: GROQ | Key: #ENV | INVALID KEY → Next key
[AI] Provider: GROQ | Semua key habis → Switch provider
[AI] ⚠️  Semua provider gagal — AI tidak tersedia, bot tetap berjalan normal.
[SCANNER] bias:STRONG_SELL conf:29% | Sim:75% NEUTRAL | Ensemble:43/100 → ⏭ SKIP (M5 tidak valid: Harga 41.9 pips di bawah EMA20 — tunggu pullback ke 4579.60)
[EBOOK-ENGINE] Cooldown 210min | HHLL Trend Following
[ENSEMBLE] Score: 43/100 (FAIL)
[AI] Provider: GROQ | Key: #2 | INVALID KEY → Next key
[AI] Provider: GROQ | Key: #ENV | INVALID KEY → Next key
[AI] Provider: GROQ | Semua key habis → Switch provider
[AI] ⚠️  Semua provider gagal — AI tidak tersedia, bot tetap berjalan normal.
[SCANNER] bias:STRONG_SELL conf:29% | Sim:75% NEUTRAL | Ensemble:43/100 → ⏭ SKIP (M5 tidak valid: Harga 41.9 pips di bawah EMA20 — tunggu pullback ke 4579.60)
[EBOOK-ENGINE] Cooldown 210min | HHLL Trend Following
[ENSEMBLE] Score: 43/100 (FAIL)
[AI] Provider: GROQ | Key: #2 | INVALID KEY → Next key
[AI] Provider: GROQ | Key: #ENV | INVALID KEY → Next key
[AI] Provider: GROQ | Semua key habis → Switch provider
[AI] ⚠️  Semua provider gagal — AI tidak tersedia, bot tetap berjalan normal.
[SCANNER] bias:STRONG_SELL conf:29% | Sim:75% NEUTRAL | Ensemble:43/100 → ⏭ SKIP (M5 tidak valid: Harga 41.9 pips di bawah EMA20 — tunggu pullback ke 4579.60)
[EBOOK-ENGINE] Cooldown 209min | HHLL Trend Following
[ENSEMBLE] Score: 43/100 (FAIL)
[AI] Provider: GROQ | Key: #2 | INVALID KEY → Next key
[AI] Provider: GROQ | Key: #ENV | INVALID KEY → Next key
[AI] Provider: GROQ | Semua key habis → Switch provider
[AI] ⚠️  Semua provider gagal — AI tidak tersedia, bot tetap berjalan normal.
[SCANNER] bias:STRONG_SELL conf:29% | Sim:75% NEUTRAL | Ensemble:43/100 → ⏭ SKIP (M5 tidak valid: Harga 41.9 pips di bawah EMA20 — tunggu pullback ke 4579.60)
[EBOOK-ENGINE] Cooldown 209min | HHLL Trend Following
[ENSEMBLE] Score: 43/100 (FAIL)
[AI] Provider: GROQ | Key: #2 | INVALID KEY → Next key
[AI] Provider: GROQ | Key: #ENV | INVALID KEY → Next key
[AI] Provider: GROQ | Semua key habis → Switch provider
[AI] ⚠️  Semua provider gagal — AI tidak tersedia, bot tetap berjalan normal.
[SCANNER] bias:STRONG_SELL conf:29% | Sim:75% NEUTRAL | Ensemble:43/100 → ⏭ SKIP (M5 tidak valid: Harga 41.9 pips di bawah EMA20 — tunggu pullback ke 4579.60)
[EBOOK-ENGINE] Cooldown 208min | HHLL Trend Following
[ENSEMBLE] Score: 43/100 (FAIL)
[AI] Provider: GROQ | Key: #2 | INVALID KEY → Next key
[AI] Provider: GROQ | Key: #ENV | INVALID KEY → Next key
[AI] Provider: GROQ | Semua key habis → Switch provider
[AI] ⚠️  Semua provider gagal — AI tidak tersedia, bot tetap berjalan normal.
[SCANNER] bias:STRONG_SELL conf:29% | Sim:75% NEUTRAL | Ensemble:43/100 → ⏭ SKIP (M5 tidak valid: Harga 41.9 pips di bawah EMA20 — tunggu pullback ke 4579.60)
[EBOOK-ENGINE] Cooldown 208min | HHLL Trend Following
[ENSEMBLE] Score: 43/100 (FAIL)
[AI] Provider: GROQ | Key: #2 | INVALID KEY → Next key
[AI] Provider: GROQ | Key: #ENV | INVALID KEY → Next key
[AI] Provider: GROQ | Semua key habis → Switch provider
[AI] ⚠️  Semua provider gagal — AI tidak tersedia, bot tetap berjalan normal.
[SCANNER] bias:STRONG_SELL conf:29% | Sim:75% NEUTRAL | Ensemble:43/100 → ⏭ SKIP (M5 tidak valid: Harga 41.9 pips di bawah EMA20 — tunggu pullback ke 4579.60)
[EBOOK-ENGINE] Cooldown 207min | HHLL Trend Following
[ENSEMBLE] Score: 43/100 (FAIL)
[AI] Provider: GROQ | Key: #2 | INVALID KEY → Next key
[AI] Provider: GROQ | Key: #ENV | INVALID KEY → Next key
[AI] Provider: GROQ | Semua key habis → Switch provider
[AI] ⚠️  Semua provider gagal — AI tidak tersedia, bot tetap berjalan normal.
[SCANNER] bias:STRONG_SELL conf:29% | Sim:75% NEUTRAL | Ensemble:43/100 → ⏭ SKIP (M5 tidak valid: Harga 41.9 pips di bawah EMA20 — tunggu pullback ke 4579.60)
[EBOOK-ENGINE] Cooldown 207min | HHLL Trend Following
[ENSEMBLE] Score: 43/100 (FAIL)
[AI] Provider: GROQ | Key: #2 | INVALID KEY → Next key
[AI] Provider: GROQ | Key: #ENV | INVALID KEY → Next key
[AI] Provider: GROQ | Semua key habis → Switch provider
[AI] ⚠️  Semua provider gagal — AI tidak tersedia, bot tetap berjalan normal.
[SCANNER] bias:STRONG_SELL conf:30% | Sim:75% CAUTION | Ensemble:43/100 → ⏭ SKIP (M5 tidak valid: Harga 27.1 pips di bawah EMA20 — tunggu pullback ke 4579.24)
[EBOOK-ENGINE] Cooldown 206min | HHLL Trend Following
[ENSEMBLE] Score: 43/100 (FAIL)
[AI] Provider: GROQ | Key: #2 | INVALID KEY → Next key
[AI] Provider: GROQ | Key: #ENV | INVALID KEY → Next key
[AI] Provider: GROQ | Semua key habis → Switch provider
[AI] ⚠️  Semua provider gagal — AI tidak tersedia, bot tetap berjalan normal.
[SCANNER] bias:STRONG_SELL conf:30% | Sim:75% CAUTION | Ensemble:43/100 → ⏭ SKIP (M5 tidak valid: Harga 27.1 pips di bawah EMA20 — tunggu pullback ke 4579.24)
[EBOOK-ENGINE] Cooldown 206min | HHLL Trend Following
[ENSEMBLE] Score: 43/100 (FAIL)
[AI] Provider: GROQ | Key: #2 | INVALID KEY → Next key
[AI] Provider: GROQ | Key: #ENV | INVALID KEY → Next key
[AI] Provider: GROQ | Semua key habis → Switch provider
[AI] ⚠️  Semua provider gagal — AI tidak tersedia, bot tetap berjalan normal.
[SCANNER] bias:STRONG_SELL conf:30% | Sim:75% CAUTION | Ensemble:43/100 → ⏭ SKIP (M5 tidak valid: Harga 27.1 pips di bawah EMA20 — tunggu pullback ke 4579.24)
[EBOOK-ENGINE] Cooldown 205min | HHLL Trend Following
[ENSEMBLE] Score: 43/100 (FAIL)
[AI] Provider: GROQ | Key: #2 | INVALID KEY → Next key
[AI] Provider: GROQ | Key: #ENV | INVALID KEY → Next key
[AI] Provider: GROQ | Semua key habis → Switch provider
[AI] ⚠️  Semua provider gagal — AI tidak tersedia, bot tetap berjalan normal.
[SCANNER] bias:STRONG_SELL conf:30% | Sim:75% CAUTION | Ensemble:43/100 → ⏭ SKIP (M5 tidak valid: Harga 27.1 pips di bawah EMA20 — tunggu pullback ke 4579.24)
[EBOOK-ENGINE] Cooldown 205min | HHLL Trend Following
[ENSEMBLE] Score: 43/100 (FAIL)
[AI] Provider: GROQ | Key: #2 | INVALID KEY → Next key
[AI] Provider: GROQ | Key: #ENV | INVALID KEY → Next key
[AI] Provider: GROQ | Semua key habis → Switch provider
[AI] ⚠️  Semua provider gagal — AI tidak tersedia, bot tetap berjalan normal.
[SCANNER] bias:STRONG_SELL conf:30% | Sim:75% CAUTION | Ensemble:43/100 → ⏭ SKIP (M5 tidak valid: Harga 27.1 pips di bawah EMA20 — tunggu pullback ke 4579.24)
[EBOOK-ENGINE] Cooldown 204min | HHLL Trend Following
[ENSEMBLE] Score: 43/100 (FAIL)
[AI] Provider: GROQ | Key: #2 | INVALID KEY → Next key
[AI] Provider: GROQ | Key: #ENV | INVALID KEY → Next key
[AI] Provider: GROQ | Semua key habis → Switch provider
[AI] ⚠️  Semua provider gagal — AI tidak tersedia, bot tetap berjalan normal.
[SCANNER] bias:STRONG_SELL conf:30% | Sim:75% CAUTION | Ensemble:43/100 → ⏭ SKIP (M5 tidak valid: Harga 27.1 pips di bawah EMA20 — tunggu pullback ke 4579.24)
[EBOOK-ENGINE] Cooldown 204min | HHLL Trend Following
[ENSEMBLE] Score: 43/100 (FAIL)
[AI] Provider: GROQ | Key: #2 | INVALID KEY → Next key
[AI] Provider: GROQ | Key: #ENV | INVALID KEY → Next key
[AI] Provider: GROQ | Semua key habis → Switch provider
[AI] ⚠️  Semua provider gagal — AI tidak tersedia, bot tetap berjalan normal.
[SCANNER] bias:STRONG_SELL conf:30% | Sim:75% CAUTION | Ensemble:43/100 → ⏭ SKIP (M5 tidak valid: Harga 27.1 pips di bawah EMA20 — tunggu pullback ke 4579.24)
[EBOOK-ENGINE] Cooldown 203min | HHLL Trend Following
[ENSEMBLE] Score: 43/100 (FAIL)
[AI] Provider: GROQ | Key: #2 | INVALID KEY → Next key
[AI] Provider: GROQ | Key: #ENV | INVALID KEY → Next key
[AI] Provider: GROQ | Semua key habis → Switch provider
[AI] ⚠️  Semua provider gagal — AI tidak tersedia, bot tetap berjalan normal.
[SCANNER] bias:STRONG_SELL conf:30% | Sim:75% CAUTION | Ensemble:43/100 → ⏭ SKIP (M5 tidak valid: Harga 27.0 pips di bawah EMA20 — tunggu pullback ke 4579.24)
[EBOOK-ENGINE] Cooldown 203min | HHLL Trend Following
[ENSEMBLE] Score: 43/100 (FAIL)
[AI] Provider: GROQ | Key: #2 | INVALID KEY → Next key
[AI] Provider: GROQ | Key: #ENV | INVALID KEY → Next key
[AI] Provider: GROQ | Semua key habis → Switch provider
[AI] ⚠️  Semua provider gagal — AI tidak tersedia, bot tetap berjalan normal.
[SCANNER] bias:STRONG_SELL conf:30% | Sim:75% CAUTION | Ensemble:43/100 → ⏭ SKIP (M5 tidak valid: Harga 27.0 pips di bawah EMA20 — tunggu pullback ke 4579.24)
[EBOOK-ENGINE] Cooldown 202min | HHLL Trend Following
[ENSEMBLE] Score: 43/100 (FAIL)
[AI] Provider: GROQ | Key: #2 | INVALID KEY → Next key
[AI] Provider: GROQ | Key: #ENV | INVALID KEY → Next key
[AI] Provider: GROQ | Semua key habis → Switch provider
[AI] ⚠️  Semua provider gagal — AI tidak tersedia, bot tetap berjalan normal.
[SCANNER] bias:STRONG_SELL conf:30% | Sim:75% CAUTION | Ensemble:43/100 → ⏭ SKIP (M5 tidak valid: Harga 27.0 pips di bawah EMA20 — tunggu pullback ke 4579.24)
[EBOOK-ENGINE] Cooldown 202min | HHLL Trend Following
[ENSEMBLE] Score: 43/100 (FAIL)
[AI] Provider: GROQ | Key: #2 | INVALID KEY → Next key
[AI] Provider: GROQ | Key: #ENV | INVALID KEY → Next key
[AI] Provider: GROQ | Semua key habis → Switch provider
[AI] ⚠️  Semua provider gagal — AI tidak tersedia, bot tetap berjalan normal.
[SCANNER] bias:STRONG_SELL conf:30% | Sim:75% CAUTION | Ensemble:43/100 → ⏭ SKIP (M5 tidak valid: Harga 27.0 pips di bawah EMA20 — tunggu pullback ke 4579.24)
[EBOOK-ENGINE] Cooldown 201min | HHLL Trend Following
[ENSEMBLE] Score: 43/100 (FAIL)
[AI] Provider: GROQ | Key: #2 | INVALID KEY → Next key
[AI] Provider: GROQ | Key: #ENV | INVALID KEY → Next key
[AI] Provider: GROQ | Semua key habis → Switch provider
[AI] ⚠️  Semua provider gagal — AI tidak tersedia, bot tetap berjalan normal.
[SCANNER] bias:STRONG_SELL conf:30% | Sim:75% CAUTION | Ensemble:43/100 → ⏭ SKIP (M5 tidak valid: Harga 27.0 pips di bawah EMA20 — tunggu pullback ke 4579.24)
[EBOOK-ENGINE] Cooldown 201min | HHLL Trend Following
[ENSEMBLE] Score: 43/100 (FAIL)
[AI] Provider: GROQ | Key: #2 | INVALID KEY → Next key
[AI] Provider: GROQ | Key: #ENV | INVALID KEY → Next key
[AI] Provider: GROQ | Semua key habis → Switch provider
[AI] ⚠️  Semua provider gagal — AI tidak tersedia, bot tetap berjalan normal.
[SCANNER] bias:STRONG_SELL conf:30% | Sim:75% CAUTION | Ensemble:43/100 → ⏭ SKIP (M5 tidak valid: Harga 27.0 pips di bawah EMA20 — tunggu pullback ke 4579.24)
[EBOOK-ENGINE] Cooldown 200min | HHLL Trend Following
[ENSEMBLE] Score: 43/100 (FAIL)
[AI] Provider: GROQ | Key: #2 | INVALID KEY → Next key
[AI] Provider: GROQ | Key: #ENV | INVALID KEY → Next key
[AI] Provider: GROQ | Semua key habis → Switch provider
[AI] ⚠️  Semua provider gagal — AI tidak tersedia, bot tetap berjalan normal.
[SCANNER] bias:STRONG_SELL conf:30% | Sim:75% CAUTION | Ensemble:43/100 → ⏭ SKIP (M5 tidak valid: Harga 27.0 pips di bawah EMA20 — tunggu pullback ke 4579.24)
[EBOOK-ENGINE] Cooldown 200min | HHLL Trend Following
[ENSEMBLE] Score: 43/100 (FAIL)
[NEWS] Investing.com Commodities: 8 items, 3 relevant
[NEWS] MarketWatch FX: 8 items, 0 relevant
[NEWS] Yahoo Finance Gold: 8 items, 6 relevant
[AI] Provider: GROQ | Key: #2 | INVALID KEY → Next key
[AI] Provider: GROQ | Key: #ENV | INVALID KEY → Next key
[AI] Provider: GROQ | Semua key habis → Switch provider
[AI] ⚠️  Semua provider gagal — AI tidak tersedia, bot tetap berjalan normal.
[SCANNER] bias:STRONG_SELL conf:30% | Sim:75% CAUTION | Ensemble:43/100 → ⏭ SKIP (M5 tidak valid: Harga 27.0 pips di bawah EMA20 — tunggu pullback ke 4579.24)
[EBOOK-ENGINE] Cooldown 199min | HHLL Trend Following
[ENSEMBLE] Score: 43/100 (FAIL)
[AI] Provider: GROQ | Key: #2 | INVALID KEY → Next key
[AI] Provider: GROQ | Key: #ENV | INVALID KEY → Next key
[AI] Provider: GROQ | Semua key habis → Switch provider
[AI] ⚠️  Semua provider gagal — AI tidak tersedia, bot tetap berjalan normal.
[SCANNER] bias:STRONG_SELL conf:30% | Sim:75% CAUTION | Ensemble:43/100 → ⏭ SKIP (M5 tidak valid: Harga 27.0 pips di bawah EMA20 — tunggu pullback ke 4579.24)
[EBOOK-ENGINE] Cooldown 199min | HHLL Trend Following
[ENSEMBLE] Score: 43/100 (FAIL)
[AI] Provider: GROQ | Key: #2 | INVALID KEY → Next key
[AI] Provider: GROQ | Key: #ENV | INVALID KEY → Next key
[AI] Provider: GROQ | Semua key habis → Switch provider
[AI] ⚠️  Semua provider gagal — AI tidak tersedia, bot tetap berjalan normal.
[SCANNER] bias:STRONG_SELL conf:29% | Sim:74% NEUTRAL | Ensemble:43/100 → ⏭ SKIP (M5 tidak valid: Harga 55.0 pips di bawah EMA20 — tunggu pullback ke 4578.67)
[ENSEMBLE] Score: 43/100 (FAIL)
[AI] Provider: GROQ | Key: #2 | INVALID KEY → Next key
[AI] Provider: GROQ | Key: #ENV | INVALID KEY → Next key
[AI] Provider: GROQ | Semua key habis → Switch provider
[AI] ⚠️  Semua provider gagal — AI tidak tersedia, bot tetap berjalan normal.
[SCANNER] bias:STRONG_SELL conf:29% | Sim:74% NEUTRAL | Ensemble:43/100 → ⏭ SKIP (M5 tidak valid: Harga 55.0 pips di bawah EMA20 — tunggu pullback ke 4578.67)
[ENSEMBLE] Score: 43/100 (FAIL)
[AI] Provider: GROQ | Key: #2 | INVALID KEY → Next key
[AI] Provider: GROQ | Key: #ENV | INVALID KEY → Next key
[AI] Provider: GROQ | Semua key habis → Switch provider
[AI] ⚠️  Semua provider gagal — AI tidak tersedia, bot tetap berjalan normal.
[SCANNER] bias:STRONG_SELL conf:29% | Sim:74% NEUTRAL | Ensemble:43/100 → ⏭ SKIP (M5 tidak valid: Harga 55.0 pips di bawah EMA20 — tunggu pullback ke 4578.67)
[ENSEMBLE] Score: 43/100 (FAIL)
[AI] Provider: GROQ | Key: #2 | INVALID KEY → Next key
[AI] Provider: GROQ | Key: #ENV | INVALID KEY → Next key
[AI] Provider: GROQ | Semua key habis → Switch provider
[AI] ⚠️  Semua provider gagal — AI tidak tersedia, bot tetap berjalan normal.
[SCANNER] bias:STRONG_SELL conf:29% | Sim:74% NEUTRAL | Ensemble:43/100 → ⏭ SKIP (M5 tidak valid: Harga 55.0 pips di bawah EMA20 — tunggu pullback ke 4578.67)
[ENSEMBLE] Score: 43/100 (FAIL)
[AI] Provider: GROQ | Key: #2 | INVALID KEY → Next key
[AI] Provider: GROQ | Key: #ENV | INVALID KEY → Next key
[AI] Provider: GROQ | Semua key habis → Switch provider
[AI] ⚠️  Semua provider gagal — AI tidak tersedia, bot tetap berjalan normal.
[SCANNER] bias:STRONG_SELL conf:29% | Sim:74% NEUTRAL | Ensemble:43/100 → ⏭ SKIP (M5 tidak valid: Harga 55.0 pips di bawah EMA20 — tunggu pullback ke 4578.67)
[ENSEMBLE] Score: 43/100 (FAIL)
[AI] Provider: GROQ | Key: #2 | INVALID KEY → Next key
[AI] Provider: GROQ | Key: #ENV | INVALID KEY → Next key
[AI] Provider: GROQ | Semua key habis → Switch provider
[AI] ⚠️  Semua provider gagal — AI tidak tersedia, bot tetap berjalan normal.
[SCANNER] bias:STRONG_SELL conf:29% | Sim:74% NEUTRAL | Ensemble:43/100 → ⏭ SKIP (M5 tidak valid: Harga 55.0 pips di bawah EMA20 — tunggu pullback ke 4578.67)
[ENSEMBLE] Score: 43/100 (FAIL)
[AI] Provider: GROQ | Key: #2 | INVALID KEY → Next key
[AI] Provider: GROQ | Key: #ENV | INVALID KEY → Next key
[AI] Provider: GROQ | Semua key habis → Switch provider
[AI] ⚠️  Semua provider gagal — AI tidak tersedia, bot tetap berjalan normal.
[SCANNER] bias:STRONG_SELL conf:29% | Sim:74% NEUTRAL | Ensemble:43/100 → ⏭ SKIP (M5 tidak valid: Harga 55.0 pips di bawah EMA20 — tunggu pullback ke 4578.67)
[ENSEMBLE] Score: 43/100 (FAIL)
[AI] Provider: GROQ | Key: #2 | INVALID KEY → Next key
[AI] Provider: GROQ | Key: #ENV | INVALID KEY → Next key
[AI] Provider: GROQ | Semua key habis → Switch provider
[AI] ⚠️  Semua provider gagal — AI tidak tersedia, bot tetap berjalan normal.
[SCANNER] bias:STRONG_SELL conf:29% | Sim:74% NEUTRAL | Ensemble:43/100 → ⏭ SKIP (M5 tidak valid: Harga 55.0 pips di bawah EMA20 — tunggu pullback ke 4578.67)
[ENSEMBLE] Score: 43/100 (FAIL)
[AI] Provider: GROQ | Key: #2 | INVALID KEY → Next key
[AI] Provider: GROQ | Key: #ENV | INVALID KEY → Next key
[AI] Provider: GROQ | Semua key habis → Switch provider
[AI] ⚠️  Semua provider gagal — AI tidak tersedia, bot tetap berjalan normal.
[SCANNER] bias:STRONG_SELL conf:29% | Sim:74% NEUTRAL | Ensemble:43/100 → ⏭ SKIP (M5 tidak valid: Harga 55.0 pips di bawah EMA20 — tunggu pullback ke 4578.67)
[ENSEMBLE] Score: 43/100 (FAIL)
[AI] Provider: GROQ | Key: #2 | INVALID KEY → Next key
[AI] Provider: GROQ | Key: #ENV | INVALID KEY → Next key
[AI] Provider: GROQ | Semua key habis → Switch provider
[AI] ⚠️  Semua provider gagal — AI tidak tersedia, bot tetap berjalan normal.
[SCANNER] bias:STRONG_SELL conf:30% | Sim:75% CAUTION | Ensemble:43/100 → ⏭ SKIP (M5 tidak valid: Harga 35.1 pips di bawah EMA20 — tunggu pullback ke 4578.30)
[ENSEMBLE] Score: 62/100 (FAIL)
[AI] Provider: GROQ | Key: #2 | INVALID KEY → Next key
[AI] Provider: GROQ | Key: #ENV | INVALID KEY → Next key
[AI] Provider: GROQ | Semua key habis → Switch provider
[AI] ⚠️  Semua provider gagal — AI tidak tersedia, bot tetap berjalan normal.
[SCANNER] bias:STRONG_SELL conf:30% | Sim:75% CAUTION | Ensemble:62/100 → ⏭ SKIP (M5 tidak valid: Harga 35.1 pips di bawah EMA20 — tunggu pullback ke 4578.30)
[ENSEMBLE] Score: 62/100 (FAIL)
[AI] Provider: GROQ | Key: #2 | INVALID KEY → Next key
[AI] Provider: GROQ | Key: #ENV | INVALID KEY → Next key
[AI] Provider: GROQ | Semua key habis → Switch provider
[AI] ⚠️  Semua provider gagal — AI tidak tersedia, bot tetap berjalan normal.
[SCANNER] bias:STRONG_SELL conf:30% | Sim:75% CAUTION | Ensemble:62/100 → ⏭ SKIP (M5 tidak valid: Harga 35.1 pips di bawah EMA20 — tunggu pullback ke 4578.30)
[ENSEMBLE] Score: 62/100 (FAIL)
[AI] Provider: GROQ | Key: #2 | INVALID KEY → Next key
[AI] Provider: GROQ | Key: #ENV | INVALID KEY → Next key
[AI] Provider: GROQ | Semua key habis → Switch provider
[AI] ⚠️  Semua provider gagal — AI tidak tersedia, bot tetap berjalan normal.
[SCANNER] bias:STRONG_SELL conf:30% | Sim:75% CAUTION | Ensemble:62/100 → ⏭ SKIP (M5 tidak valid: Harga 35.1 pips di bawah EMA20 — tunggu pullback ke 4578.30)
[ENSEMBLE] Score: 62/100 (FAIL)
[AI] Provider: GROQ | Key: #2 | INVALID KEY → Next key
[AI] Provider: GROQ | Key: #ENV | INVALID KEY → Next key
[AI] Provider: GROQ | Semua key habis → Switch provider
[AI] ⚠️  Semua provider gagal — AI tidak tersedia, bot tetap berjalan normal.
[SCANNER] bias:STRONG_SELL conf:30% | Sim:75% CAUTION | Ensemble:62/100 → ⏭ SKIP (M5 tidak valid: Harga 35.1 pips di bawah EMA20 — tunggu pullback ke 4578.30)
[ENSEMBLE] Score: 62/100 (FAIL)
[AI] Provider: GROQ | Key: #2 | INVALID KEY → Next key
[AI] Provider: GROQ | Key: #ENV | INVALID KEY → Next key
[AI] Provider: GROQ | Semua key habis → Switch provider
[AI] ⚠️  Semua provider gagal — AI tidak tersedia, bot tetap berjalan normal.
[SCANNER] bias:STRONG_SELL conf:30% | Sim:75% CAUTION | Ensemble:62/100 → ⏭ SKIP (M5 tidak valid: Harga 35.1 pips di bawah EMA20 — tunggu pullback ke 4578.30)
[ENSEMBLE] Score: 62/100 (FAIL)
[AI] Provider: GROQ | Key: #2 | INVALID KEY → Next key
[AI] Provider: GROQ | Key: #ENV | INVALID KEY → Next key
[AI] Provider: GROQ | Semua key habis → Switch provider
[AI] ⚠️  Semua provider gagal — AI tidak tersedia, bot tetap berjalan normal.
[SCANNER] bias:STRONG_SELL conf:30% | Sim:75% CAUTION | Ensemble:62/100 → ⏭ SKIP (M5 tidak valid: Harga 35.1 pips di bawah EMA20 — tunggu pullback ke 4578.30)
[ENSEMBLE] Score: 62/100 (FAIL)
[AI] Provider: GROQ | Key: #2 | INVALID KEY → Next key
[AI] Provider: GROQ | Key: #ENV | INVALID KEY → Next key
[AI] Provider: GROQ | Semua key habis → Switch provider
[AI] ⚠️  Semua provider gagal — AI tidak tersedia, bot tetap berjalan normal.
[SCANNER] bias:STRONG_SELL conf:30% | Sim:75% CAUTION | Ensemble:62/100 → ⏭ SKIP (M5 tidak valid: Harga 35.1 pips di bawah EMA20 — tunggu pullback ke 4578.30)
[ENSEMBLE] Score: 52/100 (FAIL)
[AI] Provider: GROQ | Key: #2 | INVALID KEY → Next key
[AI] Provider: GROQ | Key: #ENV | INVALID KEY → Next key
[AI] Provider: GROQ | Semua key habis → Switch provider
[AI] ⚠️  Semua provider gagal — AI tidak tersedia, bot tetap berjalan normal.
[SCANNER] bias:NEUTRAL conf:33% | Sim:74% VALID | Ensemble:52/100 → ⏭ SKIP (Confidence rendah: 33%)
[EBOOK-ENGINE] Cooldown 190min | HHLL Trend Following
[ENSEMBLE] Score: 52/100 (FAIL)
[AI] Provider: GROQ | Key: #2 | INVALID KEY → Next key
[AI] Provider: GROQ | Key: #ENV | INVALID KEY → Next key
[AI] Provider: GROQ | Semua key habis → Switch provider
[AI] ⚠️  Semua provider gagal — AI tidak tersedia, bot tetap berjalan normal.
[SCANNER] bias:NEUTRAL conf:33% | Sim:74% VALID | Ensemble:52/100 → ⏭ SKIP (Confidence rendah: 33%)
[EBOOK-ENGINE] Cooldown 189min | HHLL Trend Following
[ENSEMBLE] Score: 52/100 (FAIL)
[AI] Provider: GROQ | Key: #2 | INVALID KEY → Next key
[AI] Provider: GROQ | Key: #ENV | INVALID KEY → Next key
[AI] Provider: GROQ | Semua key habis → Switch provider
[AI] ⚠️  Semua provider gagal — AI tidak tersedia, bot tetap berjalan normal.
[SCANNER] bias:NEUTRAL conf:33% | Sim:74% VALID | Ensemble:52/100 → ⏭ SKIP (Confidence rendah: 33%)
[EBOOK-ENGINE] Cooldown 189min | HHLL Trend Following
[ENSEMBLE] Score: 52/100 (FAIL)
[AI] Provider: GROQ | Key: #2 | INVALID KEY → Next key
[AI] Provider: GROQ | Key: #ENV | INVALID KEY → Next key
[AI] Provider: GROQ | Semua key habis → Switch provider
[AI] ⚠️  Semua provider gagal — AI tidak tersedia, bot tetap berjalan normal.
[SCANNER] bias:NEUTRAL conf:33% | Sim:74% VALID | Ensemble:52/100 → ⏭ SKIP (Confidence rendah: 33%)
[EBOOK-ENGINE] Cooldown 188min | HHLL Trend Following
[ENSEMBLE] Score: 52/100 (FAIL)
[AI] Provider: GROQ | Key: #2 | INVALID KEY → Next key
[AI] Provider: GROQ | Key: #ENV | INVALID KEY → Next key
[AI] Provider: GROQ | Semua key habis → Switch provider
[AI] ⚠️  Semua provider gagal — AI tidak tersedia, bot tetap berjalan normal.
[SCANNER] bias:NEUTRAL conf:33% | Sim:74% VALID | Ensemble:52/100 → ⏭ SKIP (Confidence rendah: 33%)
[EBOOK-ENGINE] Cooldown 188min | HHLL Trend Following
[ENSEMBLE] Score: 52/100 (FAIL)
[AI] Provider: GROQ | Key: #2 | INVALID KEY → Next key
[AI] Provider: GROQ | Key: #ENV | INVALID KEY → Next key
[AI] Provider: GROQ | Semua key habis → Switch provider
[AI] ⚠️  Semua provider gagal — AI tidak tersedia, bot tetap berjalan normal.
[SCANNER] bias:NEUTRAL conf:33% | Sim:74% VALID | Ensemble:52/100 → ⏭ SKIP (Confidence rendah: 33%)
[EBOOK-ENGINE] Cooldown 187min | HHLL Trend Following
[ENSEMBLE] Score: 52/100 (FAIL)
[AI] Provider: GROQ | Key: #2 | INVALID KEY → Next key
[AI] Provider: GROQ | Key: #ENV | INVALID KEY → Next key
[AI] Provider: GROQ | Semua key habis → Switch provider
[AI] ⚠️  Semua provider gagal — AI tidak tersedia, bot tetap berjalan normal.
[SCANNER] bias:NEUTRAL conf:33% | Sim:74% VALID | Ensemble:52/100 → ⏭ SKIP (Confidence rendah: 33%)
[EBOOK-ENGINE] Cooldown 187min | HHLL Trend Following
[ENSEMBLE] Score: 52/100 (FAIL)
[AI] Provider: GROQ | Key: #2 | INVALID KEY → Next key
[AI] Provider: GROQ | Key: #ENV | INVALID KEY → Next key
[AI] Provider: GROQ | Semua key habis → Switch provider
[AI] ⚠️  Semua provider gagal — AI tidak tersedia, bot tetap berjalan normal.
[SCANNER] bias:NEUTRAL conf:33% | Sim:74% VALID | Ensemble:52/100 → ⏭ SKIP (Confidence rendah: 33%)
[EBOOK-ENGINE] Cooldown 186min | HHLL Trend Following
[ENSEMBLE] Score: 52/100 (FAIL)
[AI] Provider: GROQ | Key: #2 | INVALID KEY → Next key
[AI] Provider: GROQ | Key: #ENV | INVALID KEY → Next key
[AI] Provider: GROQ | Semua key habis → Switch provider
[AI] ⚠️  Semua provider gagal — AI tidak tersedia, bot tetap berjalan normal.
[SCANNER] bias:NEUTRAL conf:33% | Sim:74% VALID | Ensemble:52/100 → ⏭ SKIP (Confidence rendah: 33%)
[EBOOK-ENGINE] Cooldown 186min | HHLL Trend Following
[ENSEMBLE] Score: 52/100 (FAIL)
[AI] Provider: GROQ | Key: #2 | INVALID KEY → Next key
[AI] Provider: GROQ | Key: #ENV | INVALID KEY → Next key
[AI] Provider: GROQ | Semua key habis → Switch provider
[AI] ⚠️  Semua provider gagal — AI tidak tersedia, bot tetap berjalan normal.
[SCANNER] bias:NEUTRAL conf:33% | Sim:74% VALID | Ensemble:52/100 → ⏭ SKIP (Confidence rendah: 33%)
[EBOOK-ENGINE] Cooldown 185min | HHLL Trend Following
[ENSEMBLE] Score: 52/100 (FAIL)
[AI] Provider: GROQ | Key: #2 | INVALID KEY → Next key
[AI] Provider: GROQ | Key: #ENV | INVALID KEY → Next key
[AI] Provider: GROQ | Semua key habis → Switch provider
[AI] ⚠️  Semua provider gagal — AI tidak tersedia, bot tetap berjalan normal.
[SCANNER] bias:NEUTRAL conf:33% | Sim:74% VALID | Ensemble:52/100 → ⏭ SKIP (Confidence rendah: 33%)
[EBOOK-ENGINE] Cooldown 185min | HHLL Trend Following
[ENSEMBLE] Score: 52/100 (FAIL)
[NEWS] Investing.com Commodities: 8 items, 3 relevant
[NEWS] MarketWatch FX: 8 items, 0 relevant
[NEWS] Yahoo Finance Gold: 8 items, 6 relevant
[AI] Provider: GROQ | Key: #2 | INVALID KEY → Next key
[AI] Provider: GROQ | Key: #ENV | INVALID KEY → Next key
[AI] Provider: GROQ | Semua key habis → Switch provider
[AI] ⚠️  Semua provider gagal — AI tidak tersedia, bot tetap berjalan normal.
[SCANNER] bias:NEUTRAL conf:33% | Sim:74% VALID | Ensemble:52/100 → ⏭ SKIP (Confidence rendah: 33%)
[EBOOK-ENGINE] Cooldown 184min | HHLL Trend Following
[ENSEMBLE] Score: 52/100 (FAIL)
[AI] Provider: GROQ | Key: #2 | INVALID KEY → Next key
[AI] Provider: GROQ | Key: #ENV | INVALID KEY → Next key
[AI] Provider: GROQ | Semua key habis → Switch provider
[AI] ⚠️  Semua provider gagal — AI tidak tersedia, bot tetap berjalan normal.
[SCANNER] bias:NEUTRAL conf:33% | Sim:74% VALID | Ensemble:52/100 → ⏭ SKIP (Confidence rendah: 33%)
[EBOOK-ENGINE] Cooldown 184min | HHLL Trend Following
[ENSEMBLE] Score: 52/100 (FAIL)
[AI] Provider: GROQ | Key: #2 | INVALID KEY → Next key
[AI] Provider: GROQ | Key: #ENV | INVALID KEY → Next key
[AI] Provider: GROQ | Semua key habis → Switch provider
[AI] ⚠️  Semua provider gagal — AI tidak tersedia, bot tetap berjalan normal.
[SCANNER] bias:NEUTRAL conf:33% | Sim:74% VALID | Ensemble:52/100 → ⏭ SKIP (Confidence rendah: 33%)
[EBOOK-ENGINE] Cooldown 183min | HHLL Trend Following
[ENSEMBLE] Score: 52/100 (FAIL)
[AI] Provider: GROQ | Key: #2 | INVALID KEY → Next key
[AI] Provider: GROQ | Key: #ENV | INVALID KEY → Next key
[AI] Provider: GROQ | Semua key habis → Switch provider
[AI] ⚠️  Semua provider gagal — AI tidak tersedia, bot tetap berjalan normal.
[SCANNER] bias:NEUTRAL conf:33% | Sim:74% VALID | Ensemble:52/100 → ⏭ SKIP (Confidence rendah: 33%)
[EBOOK-ENGINE] Cooldown 183min | HHLL Trend Following
[ENSEMBLE] Score: 52/100 (FAIL)
[AI] Provider: GROQ | Key: #2 | INVALID KEY → Next key
[AI] Provider: GROQ | Key: #ENV | INVALID KEY → Next key
[AI] Provider: GROQ | Semua key habis → Switch provider
[AI] ⚠️  Semua provider gagal — AI tidak tersedia, bot tetap berjalan normal.
[SCANNER] bias:NEUTRAL conf:33% | Sim:74% VALID | Ensemble:52/100 → ⏭ SKIP (Confidence rendah: 33%)
[EBOOK-ENGINE] Cooldown 182min | HHLL Trend Following
[ENSEMBLE] Score: 52/100 (FAIL)
[AI] Provider: GROQ | Key: #2 | INVALID KEY → Next key
[AI] Provider: GROQ | Key: #ENV | INVALID KEY → Next key
[AI] Provider: GROQ | Semua key habis → Switch provider
[AI] ⚠️  Semua provider gagal — AI tidak tersedia, bot tetap berjalan normal.
[SCANNER] bias:NEUTRAL conf:33% | Sim:74% VALID | Ensemble:52/100 → ⏭ SKIP (Confidence rendah: 33%)
[EBOOK-ENGINE] Cooldown 182min | HHLL Trend Following
[ENSEMBLE] Score: 52/100 (FAIL)
[AI] Provider: GROQ | Key: #2 | INVALID KEY → Next key
[AI] Provider: GROQ | Key: #ENV | INVALID KEY → Next key
[AI] Provider: GROQ | Semua key habis → Switch provider
[AI] ⚠️  Semua provider gagal — AI tidak tersedia, bot tetap berjalan normal.
[SCANNER] bias:NEUTRAL conf:33% | Sim:74% VALID | Ensemble:52/100 → ⏭ SKIP (Confidence rendah: 33%)
[ENSEMBLE] Score: 52/100 (FAIL)
[AI] Provider: GROQ | Key: #2 | INVALID KEY → Next key
[AI] Provider: GROQ | Key: #ENV | INVALID KEY → Next key
[AI] Provider: GROQ | Semua key habis → Switch provider
[AI] ⚠️  Semua provider gagal — AI tidak tersedia, bot tetap berjalan normal.
[SCANNER] bias:NEUTRAL conf:33% | Sim:75% VALID | Ensemble:52/100 → ⏭ SKIP (Confidence rendah: 33%)
[ENSEMBLE] Score: 52/100 (FAIL)
[AI] Provider: GROQ | Key: #2 | INVALID KEY → Next key
[AI] Provider: GROQ | Key: #ENV | INVALID KEY → Next key
[AI] Provider: GROQ | Semua key habis → Switch provider
[AI] ⚠️  Semua provider gagal — AI tidak tersedia, bot tetap berjalan normal.
[SCANNER] bias:NEUTRAL conf:33% | Sim:75% VALID | Ensemble:52/100 → ⏭ SKIP (Confidence rendah: 33%)
[ENSEMBLE] Score: 52/100 (FAIL)
[AI] Provider: GROQ | Key: #2 | INVALID KEY → Next key
[AI] Provider: GROQ | Key: #ENV | INVALID KEY → Next key
[AI] Provider: GROQ | Semua key habis → Switch provider
[AI] ⚠️  Semua provider gagal — AI tidak tersedia, bot tetap berjalan normal.
[SCANNER] bias:NEUTRAL conf:33% | Sim:75% VALID | Ensemble:52/100 → ⏭ SKIP (Confidence rendah: 33%)
[ENSEMBLE] Score: 52/100 (FAIL)
[AI] Provider: GROQ | Key: #2 | INVALID KEY → Next key
[AI] Provider: GROQ | Key: #ENV | INVALID KEY → Next key
[AI] Provider: GROQ | Semua key habis → Switch provider
[AI] ⚠️  Semua provider gagal — AI tidak tersedia, bot tetap berjalan normal.
[SCANNER] bias:NEUTRAL conf:33% | Sim:75% VALID | Ensemble:52/100 → ⏭ SKIP (Confidence rendah: 33%)
[ENSEMBLE] Score: 52/100 (FAIL)
[AI] Provider: GROQ | Key: #2 | INVALID KEY → Next key
[AI] Provider: GROQ | Key: #ENV | INVALID KEY → Next key
[AI] Provider: GROQ | Semua key habis → Switch provider
[AI] ⚠️  Semua provider gagal — AI tidak tersedia, bot tetap berjalan normal.
[SCANNER] bias:NEUTRAL conf:33% | Sim:75% VALID | Ensemble:52/100 → ⏭ SKIP (Confidence rendah: 33%)
[ENSEMBLE] Score: 52/100 (FAIL)
[AI] Provider: GROQ | Key: #2 | INVALID KEY → Next key
[AI] Provider: GROQ | Key: #ENV | INVALID KEY → Next key
[AI] Provider: GROQ | Semua key habis → Switch provider
[AI] ⚠️  Semua provider gagal — AI tidak tersedia, bot tetap berjalan normal.
[SCANNER] bias:NEUTRAL conf:33% | Sim:75% VALID | Ensemble:52/100 → ⏭ SKIP (Confidence rendah: 33%)
[ENSEMBLE] Score: 52/100 (FAIL)
[AI] Provider: GROQ | Key: #2 | INVALID KEY → Next key
[AI] Provider: GROQ | Key: #ENV | INVALID KEY → Next key
[AI] Provider: GROQ | Semua key habis → Switch provider
[AI] ⚠️  Semua provider gagal — AI tidak tersedia, bot tetap berjalan normal.
[SCANNER] bias:NEUTRAL conf:33% | Sim:75% VALID | Ensemble:52/100 → ⏭ SKIP (Confidence rendah: 33%)
[ENSEMBLE] Score: 52/100 (FAIL)
[AI] Provider: GROQ | Key: #2 | INVALID KEY → Next key
[AI] Provider: GROQ | Key: #ENV | INVALID KEY → Next key
[AI] Provider: GROQ | Semua key habis → Switch provider
[AI] ⚠️  Semua provider gagal — AI tidak tersedia, bot tetap berjalan normal.
[SCANNER] bias:NEUTRAL conf:33% | Sim:75% VALID | Ensemble:52/100 → ⏭ SKIP (Confidence rendah: 33%)
[AI] Provider: GROQ | Key: #2 | INVALID KEY → Next key
[AI] Provider: GROQ | Key: #ENV | INVALID KEY → Next key
[AI] Provider: GROQ | Semua key habis → Switch provider
[AI] ⚠️  Semua provider gagal — AI tidak tersedia, bot tetap berjalan normal.
[SCANNER] bias:NEUTRAL conf:10% | Sim:69% NEUTRAL → ⏭ SKIP (Trend tidak aligned (H4:NEUTRAL H1:STRONG_SELL))
[AI] Provider: GROQ | Key: #2 | INVALID KEY → Next key
[AI] Provider: GROQ | Key: #ENV | INVALID KEY → Next key
[AI] Provider: GROQ | Semua key habis → Switch provider
[AI] ⚠️  Semua provider gagal — AI tidak tersedia, bot tetap berjalan normal.
[SCANNER] bias:NEUTRAL conf:10% | Sim:69% NEUTRAL → ⏭ SKIP (Trend tidak aligned (H4:NEUTRAL H1:STRONG_SELL))
[AI] Provider: GROQ | Key: #2 | INVALID KEY → Next key
[AI] Provider: GROQ | Key: #ENV | INVALID KEY → Next key
[AI] Provider: GROQ | Semua key habis → Switch provider
[AI] ⚠️  Semua provider gagal — AI tidak tersedia, bot tetap berjalan normal.
[SCANNER] bias:NEUTRAL conf:10% | Sim:69% NEUTRAL → ⏭ SKIP (Trend tidak aligned (H4:NEUTRAL H1:STRONG_SELL))
[AI] Provider: GROQ | Key: #2 | INVALID KEY → Next key
[AI] Provider: GROQ | Key: #ENV | INVALID KEY → Next key
[AI] Provider: GROQ | Semua key habis → Switch provider
[AI] ⚠️  Semua provider gagal — AI tidak tersedia, bot tetap berjalan normal.
[SCANNER] bias:NEUTRAL conf:10% | Sim:69% NEUTRAL → ⏭ SKIP (Trend tidak aligned (H4:NEUTRAL H1:STRONG_SELL))
[AI] Provider: GROQ | Key: #2 | INVALID KEY → Next key
[AI] Provider: GROQ | Key: #ENV | INVALID KEY → Next key
[AI] Provider: GROQ | Semua key habis → Switch provider
[AI] ⚠️  Semua provider gagal — AI tidak tersedia, bot tetap berjalan normal.
[SCANNER] bias:NEUTRAL conf:10% | Sim:69% NEUTRAL → ⏭ SKIP (Trend tidak aligned (H4:NEUTRAL H1:STRONG_SELL))
[AI] Provider: GROQ | Key: #2 | INVALID KEY → Next key
[AI] Provider: GROQ | Key: #ENV | INVALID KEY → Next key
[AI] Provider: GROQ | Semua key habis → Switch provider
[AI] ⚠️  Semua provider gagal — AI tidak tersedia, bot tetap berjalan normal.
[SCANNER] bias:NEUTRAL conf:10% | Sim:69% NEUTRAL → ⏭ SKIP (Trend tidak aligned (H4:NEUTRAL H1:STRONG_SELL))
[AI] Provider: GROQ | Key: #2 | INVALID KEY → Next key
[AI] Provider: GROQ | Key: #ENV | INVALID KEY → Next key
[AI] Provider: GROQ | Semua key habis → Switch provider
[AI] ⚠️  Semua provider gagal — AI tidak tersedia, bot tetap berjalan normal.
[SCANNER] bias:NEUTRAL conf:10% | Sim:69% NEUTRAL → ⏭ SKIP (Trend tidak aligned (H4:NEUTRAL H1:STRONG_SELL))
[ENSEMBLE] Score: 52/100 (FAIL)
[AI] Provider: GROQ | Key: #2 | INVALID KEY → Next key
[AI] Provider: GROQ | Key: #ENV | INVALID KEY → Next key
[AI] Provider: GROQ | Semua key habis → Switch provider
[AI] ⚠️  Semua provider gagal — AI tidak tersedia, bot tetap berjalan normal.
[SCANNER] bias:NEUTRAL conf:33% | Sim:74% VALID | Ensemble:52/100 → ⏭ SKIP (Confidence rendah: 33%)
[ENSEMBLE] Score: 52/100 (FAIL)
[AI] Provider: GROQ | Key: #2 | INVALID KEY → Next key
[AI] Provider: GROQ | Key: #ENV | INVALID KEY → Next key
[AI] Provider: GROQ | Semua key habis → Switch provider
[AI] ⚠️  Semua provider gagal — AI tidak tersedia, bot tetap berjalan normal.
[SCANNER] bias:NEUTRAL conf:33% | Sim:74% VALID | Ensemble:52/100 → ⏭ SKIP (Confidence rendah: 33%)
[ENSEMBLE] Score: 52/100 (FAIL)
[AI] Provider: GROQ | Key: #2 | INVALID KEY → Next key
[AI] Provider: GROQ | Key: #ENV | INVALID KEY → Next key
[AI] Provider: GROQ | Semua key habis → Switch provider
[AI] ⚠️  Semua provider gagal — AI tidak tersedia, bot tetap berjalan normal.
[SCANNER] bias:NEUTRAL conf:33% | Sim:74% VALID | Ensemble:52/100 → ⏭ SKIP (Confidence rendah: 33%)
[ENSEMBLE] Score: 52/100 (FAIL)
[AI] Provider: GROQ | Key: #2 | INVALID KEY → Next key
[AI] Provider: GROQ | Key: #ENV | INVALID KEY → Next key
[AI] Provider: GROQ | Semua key habis → Switch provider
[AI] ⚠️  Semua provider gagal — AI tidak tersedia, bot tetap berjalan normal.
[SCANNER] bias:NEUTRAL conf:33% | Sim:74% VALID | Ensemble:52/100 → ⏭ SKIP (Confidence rendah: 33%)
[ENSEMBLE] Score: 52/100 (FAIL)
[AI] Provider: GROQ | Key: #2 | INVALID KEY → Next key
[AI] Provider: GROQ | Key: #ENV | INVALID KEY → Next key
[AI] Provider: GROQ | Semua key habis → Switch provider
[AI] ⚠️  Semua provider gagal — AI tidak tersedia, bot tetap berjalan normal.
[SCANNER] bias:NEUTRAL conf:33% | Sim:74% VALID | Ensemble:52/100 → ⏭ SKIP (Confidence rendah: 33%)
[ENSEMBLE] Score: 52/100 (FAIL)
[AI] Provider: GROQ | Key: #2 | INVALID KEY → Next key
[AI] Provider: GROQ | Key: #ENV | INVALID KEY → Next key
[AI] Provider: GROQ | Semua key habis → Switch provider
[AI] ⚠️  Semua provider gagal — AI tidak tersedia, bot tetap berjalan normal.
[SCANNER] bias:NEUTRAL conf:33% | Sim:74% VALID | Ensemble:52/100 → ⏭ SKIP (Confidence rendah: 33%)
[ENSEMBLE] Score: 52/100 (FAIL)
[AI] Provider: GROQ | Key: #2 | INVALID KEY → Next key
[AI] Provider: GROQ | Key: #ENV | INVALID KEY → Next key
[AI] Provider: GROQ | Semua key habis → Switch provider
[AI] ⚠️  Semua provider gagal — AI tidak tersedia, bot tetap berjalan normal.
[SCANNER] bias:NEUTRAL conf:33% | Sim:74% VALID | Ensemble:52/100 → ⏭ SKIP (Confidence rendah: 33%)
[ENSEMBLE] Score: 52/100 (FAIL)
[AI] Provider: GROQ | Key: #2 | INVALID KEY → Next key
[AI] Provider: GROQ | Key: #ENV | INVALID KEY → Next key
[AI] Provider: GROQ | Semua key habis → Switch provider
[AI] ⚠️  Semua provider gagal — AI tidak tersedia, bot tetap berjalan normal.
[SCANNER] bias:NEUTRAL conf:33% | Sim:74% VALID | Ensemble:52/100 → ⏭ SKIP (Confidence rendah: 33%)
[ENSEMBLE] Score: 52/100 (FAIL)
[NEWS] MarketWatch FX: 8 items, 0 relevant
[NEWS] Investing.com Commodities: 8 items, 3 relevant
[NEWS] Yahoo Finance Gold: 8 items, 6 relevant
[AI] Provider: GROQ | Key: #2 | INVALID KEY → Next key
[AI] Provider: GROQ | Key: #ENV | INVALID KEY → Next key
[AI] Provider: GROQ | Semua key habis → Switch provider
[AI] ⚠️  Semua provider gagal — AI tidak tersedia, bot tetap berjalan normal.
[SCANNER] bias:NEUTRAL conf:33% | Sim:74% VALID | Ensemble:52/100 → ⏭ SKIP (Confidence rendah: 33%)
[ENSEMBLE] Score: 52/100 (FAIL)
[AI] Provider: GROQ | Key: #2 | INVALID KEY → Next key
[AI] Provider: GROQ | Key: #ENV | INVALID KEY → Next key
[AI] Provider: GROQ | Semua key habis → Switch provider
[AI] ⚠️  Semua provider gagal — AI tidak tersedia, bot tetap berjalan normal.
[SCANNER] bias:NEUTRAL conf:33% | Sim:74% VALID | Ensemble:52/100 → ⏭ SKIP (Confidence rendah: 33%)
[ENSEMBLE] Score: 52/100 (FAIL)
[AI] Provider: GROQ | Key: #2 | INVALID KEY → Next key
[AI] Provider: GROQ | Key: #ENV | INVALID KEY → Next key
[AI] Provider: GROQ | Semua key habis → Switch provider
[AI] ⚠️  Semua provider gagal — AI tidak tersedia, bot tetap berjalan normal.
[SCANNER] bias:NEUTRAL conf:33% | Sim:74% VALID | Ensemble:52/100 → ⏭ SKIP (Confidence rendah: 33%)
[ENSEMBLE] Score: 52/100 (FAIL)
[AI] Provider: GROQ | Key: #2 | INVALID KEY → Next key
[AI] Provider: GROQ | Key: #ENV | INVALID KEY → Next key
[AI] Provider: GROQ | Semua key habis → Switch provider
[AI] ⚠️  Semua provider gagal — AI tidak tersedia, bot tetap berjalan normal.
[SCANNER] bias:NEUTRAL conf:33% | Sim:74% VALID | Ensemble:52/100 → ⏭ SKIP (Confidence rendah: 33%)
[ENSEMBLE] Score: 52/100 (FAIL)
[AI] Provider: GROQ | Key: #2 | INVALID KEY → Next key
[AI] Provider: GROQ | Key: #ENV | INVALID KEY → Next key
[AI] Provider: GROQ | Semua key habis → Switch provider
[AI] ⚠️  Semua provider gagal — AI tidak tersedia, bot tetap berjalan normal.
[SCANNER] bias:NEUTRAL conf:33% | Sim:74% VALID | Ensemble:52/100 → ⏭ SKIP (Confidence rendah: 33%)
[ENSEMBLE] Score: 52/100 (FAIL)
[AI] Provider: GROQ | Key: #2 | INVALID KEY → Next key
[AI] Provider: GROQ | Key: #ENV | INVALID KEY → Next key
[AI] Provider: GROQ | Semua key habis → Switch provider
[AI] ⚠️  Semua provider gagal — AI tidak tersedia, bot tetap berjalan normal.
[SCANNER] bias:NEUTRAL conf:33% | Sim:74% VALID | Ensemble:52/100 → ⏭ SKIP (Confidence rendah: 33%)
[ENSEMBLE] Score: 52/100 (FAIL)
[AI] Provider: GROQ | Key: #2 | INVALID KEY → Next key
[AI] Provider: GROQ | Key: #ENV | INVALID KEY → Next key
[AI] Provider: GROQ | Semua key habis → Switch provider
[AI] ⚠️  Semua provider gagal — AI tidak tersedia, bot tetap berjalan normal.
[SCANNER] bias:NEUTRAL conf:33% | Sim:74% VALID | Ensemble:52/100 → ⏭ SKIP (Confidence rendah: 33%)
[ENSEMBLE] Score: 52/100 (FAIL)
[AI] Provider: GROQ | Key: #2 | INVALID KEY → Next key
[AI] Provider: GROQ | Key: #ENV | INVALID KEY → Next key
[AI] Provider: GROQ | Semua key habis → Switch provider
[AI] ⚠️  Semua provider gagal — AI tidak tersedia, bot tetap berjalan normal.
[SCANNER] bias:NEUTRAL conf:33% | Sim:74% VALID | Ensemble:52/100 → ⏭ SKIP (Confidence rendah: 33%)
[ENSEMBLE] Score: 52/100 (FAIL)
[AI] Provider: GROQ | Key: #2 | INVALID KEY → Next key
[AI] Provider: GROQ | Key: #ENV | INVALID KEY → Next key
[AI] Provider: GROQ | Semua key habis → Switch provider
[AI] ⚠️  Semua provider gagal — AI tidak tersedia, bot tetap berjalan normal.
[SCANNER] bias:NEUTRAL conf:33% | Sim:74% VALID | Ensemble:52/100 → ⏭ SKIP (Confidence rendah: 33%)
[ENSEMBLE] Score: 52/100 (FAIL)
[AI] Provider: GROQ | Key: #2 | INVALID KEY → Next key
[AI] Provider: GROQ | Key: #ENV | INVALID KEY → Next key
[AI] Provider: GROQ | Semua key habis → Switch provider
[AI] ⚠️  Semua provider gagal — AI tidak tersedia, bot tetap berjalan normal.
[SCANNER] bias:NEUTRAL conf:33% | Sim:74% VALID | Ensemble:52/100 → ⏭ SKIP (Confidence rendah: 33%)
[AI] Provider: GROQ | Key: #2 | INVALID KEY → Next key
[AI] Provider: GROQ | Key: #ENV | INVALID KEY → Next key
[AI] Provider: GROQ | Semua key habis → Switch provider
[AI] ⚠️  Semua provider gagal — AI tidak tersedia, bot tetap berjalan normal.
[SCANNER] bias:NEUTRAL conf:10% | Sim:66% CAUTION → ⏭ SKIP (Trend tidak aligned (H4:NEUTRAL H1:SELL))
[EBOOK-ENGINE] Cooldown 164min | HHLL Trend Following
[AI] Provider: GROQ | Key: #2 | INVALID KEY → Next key
[AI] Provider: GROQ | Key: #ENV | INVALID KEY → Next key
[AI] Provider: GROQ | Semua key habis → Switch provider
[AI] ⚠️  Semua provider gagal — AI tidak tersedia, bot tetap berjalan normal.
[SCANNER] bias:NEUTRAL conf:10% | Sim:66% CAUTION → ⏭ SKIP (Trend tidak aligned (H4:NEUTRAL H1:SELL))
[EBOOK-ENGINE] Cooldown 164min | HHLL Trend Following
[AI] Provider: GROQ | Key: #2 | INVALID KEY → Next key
[AI] Provider: GROQ | Key: #ENV | INVALID KEY → Next key
[AI] Provider: GROQ | Semua key habis → Switch provider
[AI] ⚠️  Semua provider gagal — AI tidak tersedia, bot tetap berjalan normal.
[SCANNER] bias:NEUTRAL conf:10% | Sim:66% CAUTION → ⏭ SKIP (Trend tidak aligned (H4:NEUTRAL H1:SELL))
[EBOOK-ENGINE] Cooldown 163min | HHLL Trend Following
[AI] Provider: GROQ | Key: #2 | INVALID KEY → Next key
[AI] Provider: GROQ | Key: #ENV | INVALID KEY → Next key
[AI] Provider: GROQ | Semua key habis → Switch provider
[AI] ⚠️  Semua provider gagal — AI tidak tersedia, bot tetap berjalan normal.
[SCANNER] bias:NEUTRAL conf:10% | Sim:66% CAUTION → ⏭ SKIP (Trend tidak aligned (H4:NEUTRAL H1:SELL))
[EBOOK-ENGINE] Cooldown 163min | HHLL Trend Following
[AI] Provider: GROQ | Key: #2 | INVALID KEY → Next key
[AI] Provider: GROQ | Key: #ENV | INVALID KEY → Next key
[AI] Provider: GROQ | Semua key habis → Switch provider
[AI] ⚠️  Semua provider gagal — AI tidak tersedia, bot tetap berjalan normal.
[SCANNER] bias:NEUTRAL conf:10% | Sim:66% CAUTION → ⏭ SKIP (Trend tidak aligned (H4:NEUTRAL H1:SELL))
[EBOOK-ENGINE] Cooldown 162min | HHLL Trend Following
[AI] Provider: GROQ | Key: #2 | INVALID KEY → Next key
[AI] Provider: GROQ | Key: #ENV | INVALID KEY → Next key
[AI] Provider: GROQ | Semua key habis → Switch provider
[AI] ⚠️  Semua provider gagal — AI tidak tersedia, bot tetap berjalan normal.
[SCANNER] bias:NEUTRAL conf:10% | Sim:66% CAUTION → ⏭ SKIP (Trend tidak aligned (H4:NEUTRAL H1:SELL))
[EBOOK-ENGINE] Cooldown 162min | HHLL Trend Following
[AI] Provider: GROQ | Key: #2 | INVALID KEY → Next key
[AI] Provider: GROQ | Key: #ENV | INVALID KEY → Next key
[AI] Provider: GROQ | Semua key habis → Switch provider
[AI] ⚠️  Semua provider gagal — AI tidak tersedia, bot tetap berjalan normal.
[SCANNER] bias:NEUTRAL conf:10% | Sim:66% CAUTION → ⏭ SKIP (Trend tidak aligned (H4:NEUTRAL H1:SELL))
[EBOOK-ENGINE] Cooldown 161min | HHLL Trend Following
[AI] Provider: GROQ | Key: #2 | INVALID KEY → Next key
[AI] Provider: GROQ | Key: #ENV | INVALID KEY → Next key
[AI] Provider: GROQ | Semua key habis → Switch provider
[AI] ⚠️  Semua provider gagal — AI tidak tersedia, bot tetap berjalan normal.
[SCANNER] bias:NEUTRAL conf:10% | Sim:66% CAUTION → ⏭ SKIP (Trend tidak aligned (H4:NEUTRAL H1:SELL))
[EBOOK-ENGINE] Cooldown 161min | HHLL Trend Following
[AI] Provider: GROQ | Key: #2 | INVALID KEY → Next key
[AI] Provider: GROQ | Key: #ENV | INVALID KEY → Next key
[AI] Provider: GROQ | Semua key habis → Switch provider
[AI] ⚠️  Semua provider gagal — AI tidak tersedia, bot tetap berjalan normal.
[SCANNER] bias:NEUTRAL conf:10% | Sim:65% CAUTION → ⏭ SKIP (Trend tidak aligned (H4:NEUTRAL H1:SELL))
[AI] Provider: GROQ | Key: #2 | INVALID KEY → Next key
[AI] Provider: GROQ | Key: #ENV | INVALID KEY → Next key
[AI] Provider: GROQ | Semua key habis → Switch provider
[AI] ⚠️  Semua provider gagal — AI tidak tersedia, bot tetap berjalan normal.
[SCANNER] bias:NEUTRAL conf:10% | Sim:65% CAUTION → ⏭ SKIP (Trend tidak aligned (H4:NEUTRAL H1:SELL))
[AI] Provider: GROQ | Key: #2 | INVALID KEY → Next key
[AI] Provider: GROQ | Key: #ENV | INVALID KEY → Next key
[AI] Provider: GROQ | Semua key habis → Switch provider
[AI] ⚠️  Semua provider gagal — AI tidak tersedia, bot tetap berjalan normal.
[SCANNER] bias:NEUTRAL conf:10% | Sim:65% CAUTION → ⏭ SKIP (Trend tidak aligned (H4:NEUTRAL H1:SELL))
[AI] Provider: GROQ | Key: #2 | INVALID KEY → Next key
[AI] Provider: GROQ | Key: #ENV | INVALID KEY → Next key
[AI] Provider: GROQ | Semua key habis → Switch provider
[AI] ⚠️  Semua provider gagal — AI tidak tersedia, bot tetap berjalan normal.
[SCANNER] bias:NEUTRAL conf:10% | Sim:65% CAUTION → ⏭ SKIP (Trend tidak aligned (H4:NEUTRAL H1:SELL))
[AI] Provider: GROQ | Key: #2 | INVALID KEY → Next key
[AI] Provider: GROQ | Key: #ENV | INVALID KEY → Next key
[AI] Provider: GROQ | Semua key habis → Switch provider
[AI] ⚠️  Semua provider gagal — AI tidak tersedia, bot tetap berjalan normal.
[SCANNER] bias:NEUTRAL conf:10% | Sim:65% CAUTION → ⏭ SKIP (Trend tidak aligned (H4:NEUTRAL H1:SELL))
[AI] Provider: GROQ | Key: #2 | INVALID KEY → Next key
[AI] Provider: GROQ | Key: #ENV | INVALID KEY → Next key
[AI] Provider: GROQ | Semua key habis → Switch provider
[AI] ⚠️  Semua provider gagal — AI tidak tersedia, bot tetap berjalan normal.
[SCANNER] bias:NEUTRAL conf:10% | Sim:65% CAUTION → ⏭ SKIP (Trend tidak aligned (H4:NEUTRAL H1:SELL))
[AI] Provider: GROQ | Key: #2 | INVALID KEY → Next key
[AI] Provider: GROQ | Key: #ENV | INVALID KEY → Next key
[AI] Provider: GROQ | Semua key habis → Switch provider
[AI] ⚠️  Semua provider gagal — AI tidak tersedia, bot tetap berjalan normal.
[SCANNER] bias:NEUTRAL conf:10% | Sim:65% CAUTION → ⏭ SKIP (Trend tidak aligned (H4:NEUTRAL H1:SELL))
[AI] Provider: GROQ | Key: #2 | INVALID KEY → Next key
[AI] Provider: GROQ | Key: #ENV | INVALID KEY → Next key
[AI] Provider: GROQ | Semua key habis → Switch provider
[AI] ⚠️  Semua provider gagal — AI tidak tersedia, bot tetap berjalan normal.
[SCANNER] bias:NEUTRAL conf:10% | Sim:65% CAUTION → ⏭ SKIP (Trend tidak aligned (H4:NEUTRAL H1:SELL))
[AI] Provider: GROQ | Key: #2 | INVALID KEY → Next key
[AI] Provider: GROQ | Key: #ENV | INVALID KEY → Next key
[AI] Provider: GROQ | Semua key habis → Switch provider
[AI] ⚠️  Semua provider gagal — AI tidak tersedia, bot tetap berjalan normal.
[SCANNER] bias:NEUTRAL conf:10% | Sim:66% CAUTION → ⏭ SKIP (Trend tidak aligned (H4:NEUTRAL H1:SELL))
[AI] Provider: GROQ | Key: #2 | INVALID KEY → Next key
[AI] Provider: GROQ | Key: #ENV | INVALID KEY → Next key
[AI] Provider: GROQ | Semua key habis → Switch provider
[AI] ⚠️  Semua provider gagal — AI tidak tersedia, bot tetap berjalan normal.
[SCANNER] bias:NEUTRAL conf:10% | Sim:65% CAUTION → ⏭ SKIP (Trend tidak aligned (H4:NEUTRAL H1:SELL))
[EBOOK-ENGINE] Cooldown 156min | HHLL Trend Following
[AI] Provider: GROQ | Key: #2 | INVALID KEY → Next key
[AI] Provider: GROQ | Key: #ENV | INVALID KEY → Next key
[AI] Provider: GROQ | Semua key habis → Switch provider
[AI] ⚠️  Semua provider gagal — AI tidak tersedia, bot tetap berjalan normal.
[SCANNER] bias:NEUTRAL conf:10% | Sim:65% CAUTION → ⏭ SKIP (Trend tidak aligned (H4:NEUTRAL H1:SELL))
[EBOOK-ENGINE] Cooldown 155min | HHLL Trend Following
[AI] Provider: GROQ | Key: #2 | INVALID KEY → Next key
[AI] Provider: GROQ | Key: #ENV | INVALID KEY → Next key
[AI] Provider: GROQ | Semua key habis → Switch provider
[AI] ⚠️  Semua provider gagal — AI tidak tersedia, bot tetap berjalan normal.
[SCANNER] bias:NEUTRAL conf:10% | Sim:65% CAUTION → ⏭ SKIP (Trend tidak aligned (H4:NEUTRAL H1:SELL))
[EBOOK-ENGINE] Cooldown 155min | HHLL Trend Following
[NEWS] Investing.com Commodities: 8 items, 3 relevant
[NEWS] MarketWatch FX: 8 items, 0 relevant
[NEWS] Yahoo Finance Gold: 8 items, 6 relevant
[AI] Provider: GROQ | Key: #2 | INVALID KEY → Next key
[AI] Provider: GROQ | Key: #ENV | INVALID KEY → Next key
[AI] Provider: GROQ | Semua key habis → Switch provider
[AI] ⚠️  Semua provider gagal — AI tidak tersedia, bot tetap berjalan normal.
[SCANNER] bias:NEUTRAL conf:10% | Sim:65% CAUTION → ⏭ SKIP (Trend tidak aligned (H4:NEUTRAL H1:SELL))
[EBOOK-ENGINE] Cooldown 154min | HHLL Trend Following
[AI] Provider: GROQ | Key: #2 | INVALID KEY → Next key
[AI] Provider: GROQ | Key: #ENV | INVALID KEY → Next key
[AI] Provider: GROQ | Semua key habis → Switch provider
[AI] ⚠️  Semua provider gagal — AI tidak tersedia, bot tetap berjalan normal.
[SCANNER] bias:NEUTRAL conf:10% | Sim:65% CAUTION → ⏭ SKIP (Trend tidak aligned (H4:NEUTRAL H1:SELL))
[EBOOK-ENGINE] Cooldown 154min | HHLL Trend Following
[AI] Provider: GROQ | Key: #2 | INVALID KEY → Next key
[AI] Provider: GROQ | Key: #ENV | INVALID KEY → Next key
[AI] Provider: GROQ | Semua key habis → Switch provider
[AI] ⚠️  Semua provider gagal — AI tidak tersedia, bot tetap berjalan normal.
[SCANNER] bias:NEUTRAL conf:10% | Sim:65% CAUTION → ⏭ SKIP (Trend tidak aligned (H4:NEUTRAL H1:SELL))
[EBOOK-ENGINE] Cooldown 153min | HHLL Trend Following
[AI] Provider: GROQ | Key: #2 | INVALID KEY → Next key
[AI] Provider: GROQ | Key: #ENV | INVALID KEY → Next key
[AI] Provider: GROQ | Semua key habis → Switch provider
[AI] ⚠️  Semua provider gagal — AI tidak tersedia, bot tetap berjalan normal.
[SCANNER] bias:NEUTRAL conf:10% | Sim:65% CAUTION → ⏭ SKIP (Trend tidak aligned (H4:NEUTRAL H1:SELL))
[EBOOK-ENGINE] Cooldown 153min | HHLL Trend Following
[AI] Provider: GROQ | Key: #2 | INVALID KEY → Next key
[AI] Provider: GROQ | Key: #ENV | INVALID KEY → Next key
[AI] Provider: GROQ | Semua key habis → Switch provider
[AI] ⚠️  Semua provider gagal — AI tidak tersedia, bot tetap berjalan normal.
[SCANNER] bias:NEUTRAL conf:10% | Sim:63% NEUTRAL → ⏭ SKIP (Trend tidak aligned (H4:NEUTRAL H1:SELL))
[EBOOK-ENGINE] Cooldown 152min | HHLL Trend Following
[AI] Provider: GROQ | Key: #2 | INVALID KEY → Next key
[AI] Provider: GROQ | Key: #ENV | INVALID KEY → Next key
[AI] Provider: GROQ | Semua key habis → Switch provider
[AI] ⚠️  Semua provider gagal — AI tidak tersedia, bot tetap berjalan normal.
[SCANNER] bias:NEUTRAL conf:10% | Sim:57% NEUTRAL → ⏭ SKIP (Trend tidak aligned (H4:NEUTRAL H1:SELL))
[EBOOK-ENGINE] Cooldown 152min | HHLL Trend Following
[AI] Provider: GROQ | Key: #2 | INVALID KEY → Next key
[AI] Provider: GROQ | Key: #ENV | INVALID KEY → Next key
[AI] Provider: GROQ | Semua key habis → Switch provider
[AI] ⚠️  Semua provider gagal — AI tidak tersedia, bot tetap berjalan normal.
[SCANNER] bias:NEUTRAL conf:10% | Sim:56% CAUTION → ⏭ SKIP (Trend tidak aligned (H4:NEUTRAL H1:NEUTRAL))
[EBOOK-ENGINE] Cooldown 151min | HHLL Trend Following
[AI] Provider: GROQ | Key: #2 | INVALID KEY → Next key
[AI] Provider: GROQ | Key: #ENV | INVALID KEY → Next key
[AI] Provider: GROQ | Semua key habis → Switch provider
[AI] ⚠️  Semua provider gagal — AI tidak tersedia, bot tetap berjalan normal.
[SCANNER] bias:NEUTRAL conf:10% | Sim:56% CAUTION → ⏭ SKIP (Trend tidak aligned (H4:NEUTRAL H1:NEUTRAL))
[EBOOK-ENGINE] Cooldown 151min | HHLL Trend Following
[AI] Provider: GROQ | Key: #2 | INVALID KEY → Next key
[AI] Provider: GROQ | Key: #ENV | INVALID KEY → Next key
[AI] Provider: GROQ | Semua key habis → Switch provider
[AI] ⚠️  Semua provider gagal — AI tidak tersedia, bot tetap berjalan normal.
[SCANNER] bias:NEUTRAL conf:10% | Sim:56% CAUTION → ⏭ SKIP (Trend tidak aligned (H4:NEUTRAL H1:NEUTRAL))
[EBOOK-ENGINE] Cooldown 150min | HHLL Trend Following
[AI] Provider: GROQ | Key: #2 | INVALID KEY → Next key
[AI] Provider: GROQ | Key: #ENV | INVALID KEY → Next key
[AI] Provider: GROQ | Semua key habis → Switch provider
[AI] ⚠️  Semua provider gagal — AI tidak tersedia, bot tetap berjalan normal.
[SCANNER] bias:NEUTRAL conf:10% | Sim:56% CAUTION → ⏭ SKIP (Trend tidak aligned (H4:NEUTRAL H1:NEUTRAL))
[EBOOK-ENGINE] Cooldown 150min | HHLL Trend Following
[AI] Provider: GROQ | Key: #2 | INVALID KEY → Next key
[AI] Provider: GROQ | Key: #ENV | INVALID KEY → Next key
[AI] Provider: GROQ | Semua key habis → Switch provider
[AI] ⚠️  Semua provider gagal — AI tidak tersedia, bot tetap berjalan normal.
[SCANNER] bias:NEUTRAL conf:10% | Sim:56% CAUTION → ⏭ SKIP (Trend tidak aligned (H4:NEUTRAL H1:NEUTRAL))
[EBOOK-ENGINE] Cooldown 149min | HHLL Trend Following
[AI] Provider: GROQ | Key: #2 | INVALID KEY → Next key
[AI] Provider: GROQ | Key: #ENV | INVALID KEY → Next key
[AI] Provider: GROQ | Semua key habis → Switch provider
[AI] ⚠️  Semua provider gagal — AI tidak tersedia, bot tetap berjalan normal.
[SCANNER] bias:NEUTRAL conf:10% | Sim:56% CAUTION → ⏭ SKIP (Trend tidak aligned (H4:NEUTRAL H1:NEUTRAL))
[EBOOK-ENGINE] Cooldown 149min | HHLL Trend Following
[AI] Provider: GROQ | Key: #2 | INVALID KEY → Next key
[AI] Provider: GROQ | Key: #ENV | INVALID KEY → Next key
[AI] Provider: GROQ | Semua key habis → Switch provider
[AI] ⚠️  Semua provider gagal — AI tidak tersedia, bot tetap berjalan normal.
[SCANNER] bias:NEUTRAL conf:10% | Sim:56% CAUTION → ⏭ SKIP (Trend tidak aligned (H4:NEUTRAL H1:NEUTRAL))
[EBOOK-ENGINE] Cooldown 148min | HHLL Trend Following
[AI] Provider: GROQ | Key: #2 | INVALID KEY → Next key
[AI] Provider: GROQ | Key: #ENV | INVALID KEY → Next key
[AI] Provider: GROQ | Semua key habis → Switch provider
[AI] ⚠️  Semua provider gagal — AI tidak tersedia, bot tetap berjalan normal.
[SCANNER] bias:NEUTRAL conf:10% | Sim:56% CAUTION → ⏭ SKIP (Trend tidak aligned (H4:NEUTRAL H1:NEUTRAL))
[EBOOK-ENGINE] Cooldown 148min | HHLL Trend Following
[AI] Provider: GROQ | Key: #2 | INVALID KEY → Next key
[AI] Provider: GROQ | Key: #ENV | INVALID KEY → Next key
[AI] Provider: GROQ | Semua key habis → Switch provider
[AI] ⚠️  Semua provider gagal — AI tidak tersedia, bot tetap berjalan normal.
[SCANNER] bias:NEUTRAL conf:10% | Sim:56% CAUTION → ⏭ SKIP (Trend tidak aligned (H4:NEUTRAL H1:NEUTRAL))
[EBOOK-ENGINE] Cooldown 147min | HHLL Trend Following
[AI] Provider: GROQ | Key: #2 | INVALID KEY → Next key
[AI] Provider: GROQ | Key: #ENV | INVALID KEY → Next key
[AI] Provider: GROQ | Semua key habis → Switch provider
[AI] ⚠️  Semua provider gagal — AI tidak tersedia, bot tetap berjalan normal.
[SCANNER] bias:NEUTRAL conf:10% | Sim:56% CAUTION → ⏭ SKIP (Trend tidak aligned (H4:NEUTRAL H1:NEUTRAL))
[EBOOK-ENGINE] Cooldown 147min | HHLL Trend Following
[AI] Provider: GROQ | Key: #2 | INVALID KEY → Next key
[AI] Provider: GROQ | Key: #ENV | INVALID KEY → Next key
[AI] Provider: GROQ | Semua key habis → Switch provider
[AI] ⚠️  Semua provider gagal — AI tidak tersedia, bot tetap berjalan normal.
[SCANNER] bias:NEUTRAL conf:10% | Sim:56% CAUTION → ⏭ SKIP (Trend tidak aligned (H4:NEUTRAL H1:NEUTRAL))
[EBOOK-ENGINE] Cooldown 146min | HHLL Trend Following
[AI] Provider: GROQ | Key: #2 | INVALID KEY → Next key
[AI] Provider: GROQ | Key: #ENV | INVALID KEY → Next key
[AI] Provider: GROQ | Semua key habis → Switch provider
[AI] ⚠️  Semua provider gagal — AI tidak tersedia, bot tetap berjalan normal.
[SCANNER] bias:NEUTRAL conf:10% | Sim:56% CAUTION → ⏭ SKIP (Trend tidak aligned (H4:NEUTRAL H1:NEUTRAL))
[EBOOK-ENGINE] Cooldown 146min | HHLL Trend Following
[AI] Provider: GROQ | Key: #2 | INVALID KEY → Next key
[AI] Provider: GROQ | Key: #ENV | INVALID KEY → Next key
[AI] Provider: GROQ | Semua key habis → Switch provider
[AI] ⚠️  Semua provider gagal — AI tidak tersedia, bot tetap berjalan normal.
[SCANNER] bias:NEUTRAL conf:10% | Sim:56% CAUTION → ⏭ SKIP (Trend tidak aligned (H4:NEUTRAL H1:NEUTRAL))
[EBOOK-ENGINE] Cooldown 145min | HHLL Trend Following
[AI] Provider: GROQ | Key: #2 | INVALID KEY → Next key
[AI] Provider: GROQ | Key: #ENV | INVALID KEY → Next key
[AI] Provider: GROQ | Semua key habis → Switch provider
[AI] ⚠️  Semua provider gagal — AI tidak tersedia, bot tetap berjalan normal.
[SCANNER] bias:NEUTRAL conf:10% | Sim:56% CAUTION → ⏭ SKIP (Trend tidak aligned (H4:NEUTRAL H1:NEUTRAL))
[EBOOK-ENGINE] Cooldown 145min | HHLL Trend Following
[AI] Provider: GROQ | Key: #2 | INVALID KEY → Next key
[AI] Provider: GROQ | Key: #ENV | INVALID KEY → Next key
[AI] Provider: GROQ | Semua key habis → Switch provider
[AI] ⚠️  Semua provider gagal — AI tidak tersedia, bot tetap berjalan normal.
[SCANNER] bias:NEUTRAL conf:10% | Sim:56% CAUTION → ⏭ SKIP (Trend tidak aligned (H4:NEUTRAL H1:NEUTRAL))
[EBOOK-ENGINE] Cooldown 144min | HHLL Trend Following
[AI] Provider: GROQ | Key: #2 | INVALID KEY → Next key
[AI] Provider: GROQ | Key: #ENV | INVALID KEY → Next key
[AI] Provider: GROQ | Semua key habis → Switch provider
[AI] ⚠️  Semua provider gagal — AI tidak tersedia, bot tetap berjalan normal.
[SCANNER] bias:NEUTRAL conf:10% | Sim:56% CAUTION → ⏭ SKIP (Trend tidak aligned (H4:NEUTRAL H1:NEUTRAL))
[EBOOK-ENGINE] Cooldown 144min | Sniper High Confluence Entry
[AI] Provider: GROQ | Key: #2 | INVALID KEY → Next key
[AI] Provider: GROQ | Key: #ENV | INVALID KEY → Next key
[AI] Provider: GROQ | Semua key habis → Switch provider
[AI] ⚠️  Semua provider gagal — AI tidak tersedia, bot tetap berjalan normal.
[SCANNER] bias:BUY conf:10% | Sim:50% CAUTION → ⏭ SKIP (Trend tidak aligned (H4:BUY H1:NEUTRAL))
[EBOOK-ENGINE] Cooldown 143min | Sniper High Confluence Entry
[AI] Provider: GROQ | Key: #2 | INVALID KEY → Next key
[AI] Provider: GROQ | Key: #ENV | INVALID KEY → Next key
[AI] Provider: GROQ | Semua key habis → Switch provider
[AI] ⚠️  Semua provider gagal — AI tidak tersedia, bot tetap berjalan normal.
[SCANNER] bias:BUY conf:10% | Sim:50% CAUTION → ⏭ SKIP (Trend tidak aligned (H4:BUY H1:NEUTRAL))
[EBOOK-ENGINE] Cooldown 143min | Sniper High Confluence Entry
[AI] Provider: GROQ | Key: #2 | INVALID KEY → Next key
[AI] Provider: GROQ | Key: #ENV | INVALID KEY → Next key
[AI] Provider: GROQ | Semua key habis → Switch provider
[AI] ⚠️  Semua provider gagal — AI tidak tersedia, bot tetap berjalan normal.
[SCANNER] bias:BUY conf:10% | Sim:50% CAUTION → ⏭ SKIP (Trend tidak aligned (H4:BUY H1:NEUTRAL))
[EBOOK-ENGINE] Cooldown 142min | Sniper High Confluence Entry
[AI] Provider: GROQ | Key: #2 | INVALID KEY → Next key
[AI] Provider: GROQ | Key: #ENV | INVALID KEY → Next key
[AI] Provider: GROQ | Semua key habis → Switch provider
[AI] ⚠️  Semua provider gagal — AI tidak tersedia, bot tetap berjalan normal.
[SCANNER] bias:BUY conf:10% | Sim:50% CAUTION → ⏭ SKIP (Trend tidak aligned (H4:BUY H1:NEUTRAL))
[EBOOK-ENGINE] Cooldown 142min | Sniper High Confluence Entry
[AI] Provider: GROQ | Key: #2 | INVALID KEY → Next key
[AI] Provider: GROQ | Key: #ENV | INVALID KEY → Next key
[AI] Provider: GROQ | Semua key habis → Switch provider
[AI] ⚠️  Semua provider gagal — AI tidak tersedia, bot tetap berjalan normal.
[SCANNER] bias:BUY conf:10% | Sim:50% CAUTION → ⏭ SKIP (Trend tidak aligned (H4:BUY H1:NEUTRAL))
[EBOOK-ENGINE] Cooldown 141min | Sniper High Confluence Entry
[AI] Provider: GROQ | Key: #2 | INVALID KEY → Next key
[AI] Provider: GROQ | Key: #ENV | INVALID KEY → Next key
[AI] Provider: GROQ | Semua key habis → Switch provider
[AI] ⚠️  Semua provider gagal — AI tidak tersedia, bot tetap berjalan normal.
[SCANNER] bias:BUY conf:10% | Sim:50% CAUTION → ⏭ SKIP (Trend tidak aligned (H4:BUY H1:NEUTRAL))
[EBOOK-ENGINE] Cooldown 141min | Sniper High Confluence Entry
[AI] Provider: GROQ | Key: #2 | INVALID KEY → Next key
[AI] Provider: GROQ | Key: #ENV | INVALID KEY → Next key
[AI] Provider: GROQ | Semua key habis → Switch provider
[AI] ⚠️  Semua provider gagal — AI tidak tersedia, bot tetap berjalan normal.
[SCANNER] bias:BUY conf:10% | Sim:50% CAUTION → ⏭ SKIP (Trend tidak aligned (H4:BUY H1:NEUTRAL))
[EBOOK-ENGINE] Cooldown 140min | Sniper High Confluence Entry
[AI] Provider: GROQ | Key: #2 | INVALID KEY → Next key
[AI] Provider: GROQ | Key: #ENV | INVALID KEY → Next key
[AI] Provider: GROQ | Semua key habis → Switch provider
[AI] ⚠️  Semua provider gagal — AI tidak tersedia, bot tetap berjalan normal.
[SCANNER] bias:BUY conf:10% | Sim:50% CAUTION → ⏭ SKIP (Trend tidak aligned (H4:BUY H1:NEUTRAL))
[EBOOK-ENGINE] Cooldown 140min | HHLL Trend Following
[NEWS] MarketWatch FX: 8 items, 0 relevant
[NEWS] Investing.com Commodities: 8 items, 3 relevant
[NEWS] Yahoo Finance Gold: 8 items, 6 relevant
[AI] Provider: GROQ | Key: #2 | INVALID KEY → Next key
[AI] Provider: GROQ | Key: #ENV | INVALID KEY → Next key
[AI] Provider: GROQ | Semua key habis → Switch provider
[AI] ⚠️  Semua provider gagal — AI tidak tersedia, bot tetap berjalan normal.
[SCANNER] bias:NEUTRAL conf:10% | Sim:53% CAUTION → ⏭ SKIP (Trend tidak aligned (H4:NEUTRAL H1:NEUTRAL))
[AI] Provider: GROQ | Key: #2 | INVALID KEY → Next key
[AI] Provider: GROQ | Key: #ENV | INVALID KEY → Next key
[AI] Provider: GROQ | Semua key habis → Switch provider
[AI] ⚠️  Semua provider gagal — AI tidak tersedia, bot tetap berjalan normal.
[SCANNER] bias:NEUTRAL conf:10% | Sim:53% CAUTION → ⏭ SKIP (Trend tidak aligned (H4:NEUTRAL H1:NEUTRAL))
[AI] Provider: GROQ | Key: #2 | INVALID KEY → Next key
[AI] Provider: GROQ | Key: #ENV | INVALID KEY → Next key
[AI] Provider: GROQ | Semua key habis → Switch provider
[AI] ⚠️  Semua provider gagal — AI tidak tersedia, bot tetap berjalan normal.
[SCANNER] bias:NEUTRAL conf:10% | Sim:53% CAUTION → ⏭ SKIP (Trend tidak aligned (H4:NEUTRAL H1:NEUTRAL))
[AI] Provider: GROQ | Key: #2 | INVALID KEY → Next key
[AI] Provider: GROQ | Key: #ENV | INVALID KEY → Next key
[AI] Provider: GROQ | Semua key habis → Switch provider
[AI] ⚠️  Semua provider gagal — AI tidak tersedia, bot tetap berjalan normal.
[SCANNER] bias:NEUTRAL conf:10% | Sim:53% CAUTION → ⏭ SKIP (Trend tidak aligned (H4:NEUTRAL H1:NEUTRAL))
[AI] Provider: GROQ | Key: #2 | INVALID KEY → Next key
[AI] Provider: GROQ | Key: #ENV | INVALID KEY → Next key
[AI] Provider: GROQ | Semua key habis → Switch provider
[AI] ⚠️  Semua provider gagal — AI tidak tersedia, bot tetap berjalan normal.
[SCANNER] bias:NEUTRAL conf:10% | Sim:53% CAUTION → ⏭ SKIP (Trend tidak aligned (H4:NEUTRAL H1:NEUTRAL))
[AI] Provider: GROQ | Key: #2 | INVALID KEY → Next key
[AI] Provider: GROQ | Key: #ENV | INVALID KEY → Next key
[AI] Provider: GROQ | Semua key habis → Switch provider
[AI] ⚠️  Semua provider gagal — AI tidak tersedia, bot tetap berjalan normal.
[SCANNER] bias:NEUTRAL conf:10% | Sim:53% CAUTION → ⏭ SKIP (Trend tidak aligned (H4:NEUTRAL H1:NEUTRAL))
[AI] Provider: GROQ | Key: #2 | INVALID KEY → Next key
[AI] Provider: GROQ | Key: #ENV | INVALID KEY → Next key
[AI] Provider: GROQ | Semua key habis → Switch provider
[AI] ⚠️  Semua provider gagal — AI tidak tersedia, bot tetap berjalan normal.
[SCANNER] bias:NEUTRAL conf:10% | Sim:53% CAUTION → ⏭ SKIP (Trend tidak aligned (H4:NEUTRAL H1:NEUTRAL))
[AI] Provider: GROQ | Key: #2 | INVALID KEY → Next key
[AI] Provider: GROQ | Key: #ENV | INVALID KEY → Next key
[AI] Provider: GROQ | Semua key habis → Switch provider
[AI] ⚠️  Semua provider gagal — AI tidak tersedia, bot tetap berjalan normal.
[SCANNER] bias:NEUTRAL conf:10% | Sim:53% CAUTION → ⏭ SKIP (Trend tidak aligned (H4:NEUTRAL H1:NEUTRAL))
[AI] Provider: GROQ | Key: #2 | INVALID KEY → Next key
[AI] Provider: GROQ | Key: #ENV | INVALID KEY → Next key
[AI] Provider: GROQ | Semua key habis → Switch provider
[AI] ⚠️  Semua provider gagal — AI tidak tersedia, bot tetap berjalan normal.
[SCANNER] bias:NEUTRAL conf:10% | Sim:53% CAUTION → ⏭ SKIP (Trend tidak aligned (H4:NEUTRAL H1:NEUTRAL))
[AI] Provider: GROQ | Key: #2 | INVALID KEY → Next key
[AI] Provider: GROQ | Key: #ENV | INVALID KEY → Next key
[AI] Provider: GROQ | Semua key habis → Switch provider
[AI] ⚠️  Semua provider gagal — AI tidak tersedia, bot tetap berjalan normal.
[SCANNER] bias:NEUTRAL conf:10% | Sim:53% CAUTION → ⏭ SKIP (Trend tidak aligned (H4:NEUTRAL H1:NEUTRAL))
[AI] Provider: GROQ | Key: #2 | INVALID KEY → Next key
[AI] Provider: GROQ | Key: #ENV | INVALID KEY → Next key
[AI] Provider: GROQ | Semua key habis → Switch provider
[AI] ⚠️  Semua provider gagal — AI tidak tersedia, bot tetap berjalan normal.
[SCANNER] bias:NEUTRAL conf:10% | Sim:53% CAUTION → ⏭ SKIP (Trend tidak aligned (H4:NEUTRAL H1:NEUTRAL))
[AI] Provider: GROQ | Key: #2 | INVALID KEY → Next key
[AI] Provider: GROQ | Key: #ENV | INVALID KEY → Next key
[AI] Provider: GROQ | Semua key habis → Switch provider
[AI] ⚠️  Semua provider gagal — AI tidak tersedia, bot tetap berjalan normal.
[SCANNER] bias:NEUTRAL conf:10% | Sim:53% CAUTION → ⏭ SKIP (Trend tidak aligned (H4:NEUTRAL H1:NEUTRAL))
[AI] Provider: GROQ | Key: #2 | INVALID KEY → Next key
[AI] Provider: GROQ | Key: #ENV | INVALID KEY → Next key
[AI] Provider: GROQ | Semua key habis → Switch provider
[AI] ⚠️  Semua provider gagal — AI tidak tersedia, bot tetap berjalan normal.
[SCANNER] bias:NEUTRAL conf:10% | Sim:53% CAUTION → ⏭ SKIP (Trend tidak aligned (H4:NEUTRAL H1:NEUTRAL))
[AI] Provider: GROQ | Key: #2 | INVALID KEY → Next key
[AI] Provider: GROQ | Key: #ENV | INVALID KEY → Next key
[AI] Provider: GROQ | Semua key habis → Switch provider
[AI] ⚠️  Semua provider gagal — AI tidak tersedia, bot tetap berjalan normal.
[SCANNER] bias:NEUTRAL conf:10% | Sim:53% CAUTION → ⏭ SKIP (Trend tidak aligned (H4:NEUTRAL H1:NEUTRAL))
[AI] Provider: GROQ | Key: #2 | INVALID KEY → Next key
[AI] Provider: GROQ | Key: #ENV | INVALID KEY → Next key
[AI] Provider: GROQ | Semua key habis → Switch provider
[AI] ⚠️  Semua provider gagal — AI tidak tersedia, bot tetap berjalan normal.
[SCANNER] bias:NEUTRAL conf:10% | Sim:53% CAUTION → ⏭ SKIP (Trend tidak aligned (H4:NEUTRAL H1:NEUTRAL))
[AI] Provider: GROQ | Key: #2 | INVALID KEY → Next key
[AI] Provider: GROQ | Key: #ENV | INVALID KEY → Next key
[AI] Provider: GROQ | Semua key habis → Switch provider
[AI] ⚠️  Semua provider gagal — AI tidak tersedia, bot tetap berjalan normal.
[SCANNER] bias:NEUTRAL conf:10% | Sim:53% CAUTION → ⏭ SKIP (Trend tidak aligned (H4:NEUTRAL H1:NEUTRAL))
[AI] Provider: GROQ | Key: #2 | INVALID KEY → Next key
[AI] Provider: GROQ | Key: #ENV | INVALID KEY → Next key
[AI] Provider: GROQ | Semua key habis → Switch provider
[AI] ⚠️  Semua provider gagal — AI tidak tersedia, bot tetap berjalan normal.
[SCANNER] bias:NEUTRAL conf:10% | Sim:53% CAUTION → ⏭ SKIP (Trend tidak aligned (H4:NEUTRAL H1:NEUTRAL))
[AI] Provider: GROQ | Key: #2 | INVALID KEY → Next key
[AI] Provider: GROQ | Key: #ENV | INVALID KEY → Next key
[AI] Provider: GROQ | Semua key habis → Switch provider
[AI] ⚠️  Semua provider gagal — AI tidak tersedia, bot tetap berjalan normal.
[SCANNER] bias:NEUTRAL conf:10% | Sim:56% CAUTION → ⏭ SKIP (Trend tidak aligned (H4:NEUTRAL H1:NEUTRAL))
[AI] Provider: GROQ | Key: #2 | INVALID KEY → Next key
[AI] Provider: GROQ | Key: #ENV | INVALID KEY → Next key
[AI] Provider: GROQ | Semua key habis → Switch provider
[AI] ⚠️  Semua provider gagal — AI tidak tersedia, bot tetap berjalan normal.
[SCANNER] bias:NEUTRAL conf:10% | Sim:56% CAUTION → ⏭ SKIP (Trend tidak aligned (H4:NEUTRAL H1:NEUTRAL))
[AI] Provider: GROQ | Key: #2 | INVALID KEY → Next key
[AI] Provider: GROQ | Key: #ENV | INVALID KEY → Next key
[AI] Provider: GROQ | Semua key habis → Switch provider
[AI] ⚠️  Semua provider gagal — AI tidak tersedia, bot tetap berjalan normal.
[SCANNER] bias:NEUTRAL conf:10% | Sim:56% CAUTION → ⏭ SKIP (Trend tidak aligned (H4:NEUTRAL H1:NEUTRAL))
[AI] Provider: GROQ | Key: #2 | INVALID KEY → Next key
[AI] Provider: GROQ | Key: #ENV | INVALID KEY → Next key
[AI] Provider: GROQ | Semua key habis → Switch provider
[AI] ⚠️  Semua provider gagal — AI tidak tersedia, bot tetap berjalan normal.
[SCANNER] bias:NEUTRAL conf:10% | Sim:56% CAUTION → ⏭ SKIP (Trend tidak aligned (H4:NEUTRAL H1:NEUTRAL))
[AI] Provider: GROQ | Key: #2 | INVALID KEY → Next key
[AI] Provider: GROQ | Key: #ENV | INVALID KEY → Next key
[AI] Provider: GROQ | Semua key habis → Switch provider
[AI] ⚠️  Semua provider gagal — AI tidak tersedia, bot tetap berjalan normal.
[SCANNER] bias:NEUTRAL conf:10% | Sim:56% CAUTION → ⏭ SKIP (Trend tidak aligned (H4:NEUTRAL H1:NEUTRAL))
[AI] Provider: GROQ | Key: #2 | INVALID KEY → Next key
[AI] Provider: GROQ | Key: #ENV | INVALID KEY → Next key
[AI] Provider: GROQ | Semua key habis → Switch provider
[AI] ⚠️  Semua provider gagal — AI tidak tersedia, bot tetap berjalan normal.
[SCANNER] bias:NEUTRAL conf:10% | Sim:56% CAUTION → ⏭ SKIP (Trend tidak aligned (H4:NEUTRAL H1:NEUTRAL))
[AI] Provider: GROQ | Key: #2 | INVALID KEY → Next key
[AI] Provider: GROQ | Key: #ENV | INVALID KEY → Next key
[AI] Provider: GROQ | Semua key habis → Switch provider
[AI] ⚠️  Semua provider gagal — AI tidak tersedia, bot tetap berjalan normal.
[SCANNER] bias:NEUTRAL conf:10% | Sim:56% CAUTION → ⏭ SKIP (Trend tidak aligned (H4:NEUTRAL H1:NEUTRAL))
[AI] Provider: GROQ | Key: #2 | INVALID KEY → Next key
[AI] Provider: GROQ | Key: #ENV | INVALID KEY → Next key
[AI] Provider: GROQ | Semua key habis → Switch provider
[AI] ⚠️  Semua provider gagal — AI tidak tersedia, bot tetap berjalan normal.
[SCANNER] bias:NEUTRAL conf:10% | Sim:52% CAUTION → ⏭ SKIP (Trend tidak aligned (H4:NEUTRAL H1:NEUTRAL))
[EBOOK-ENGINE] Cooldown 127min | HHLL Trend Following
[AI] Provider: GROQ | Key: #2 | INVALID KEY → Next key
[AI] Provider: GROQ | Key: #ENV | INVALID KEY → Next key
[AI] Provider: GROQ | Semua key habis → Switch provider
[AI] ⚠️  Semua provider gagal — AI tidak tersedia, bot tetap berjalan normal.
[SCANNER] bias:NEUTRAL conf:10% | Sim:52% CAUTION → ⏭ SKIP (Trend tidak aligned (H4:NEUTRAL H1:NEUTRAL))
[EBOOK-ENGINE] Cooldown 127min | HHLL Trend Following
[AI] Provider: GROQ | Key: #2 | INVALID KEY → Next key
[AI] Provider: GROQ | Key: #ENV | INVALID KEY → Next key
[AI] Provider: GROQ | Semua key habis → Switch provider
[AI] ⚠️  Semua provider gagal — AI tidak tersedia, bot tetap berjalan normal.
[SCANNER] bias:NEUTRAL conf:10% | Sim:52% CAUTION → ⏭ SKIP (Trend tidak aligned (H4:NEUTRAL H1:NEUTRAL))
[EBOOK-ENGINE] Cooldown 126min | HHLL Trend Following
[AI] Provider: GROQ | Key: #2 | INVALID KEY → Next key
[AI] Provider: GROQ | Key: #ENV | INVALID KEY → Next key
[AI] Provider: GROQ | Semua key habis → Switch provider
[AI] ⚠️  Semua provider gagal — AI tidak tersedia, bot tetap berjalan normal.
[SCANNER] bias:NEUTRAL conf:10% | Sim:52% CAUTION → ⏭ SKIP (Trend tidak aligned (H4:NEUTRAL H1:NEUTRAL))
[EBOOK-ENGINE] Cooldown 126min | HHLL Trend Following
[AI] Provider: GROQ | Key: #2 | INVALID KEY → Next key
[AI] Provider: GROQ | Key: #ENV | INVALID KEY → Next key
[AI] Provider: GROQ | Semua key habis → Switch provider
[AI] ⚠️  Semua provider gagal — AI tidak tersedia, bot tetap berjalan normal.
[SCANNER] bias:NEUTRAL conf:10% | Sim:52% CAUTION → ⏭ SKIP (Trend tidak aligned (H4:NEUTRAL H1:NEUTRAL))
[EBOOK-ENGINE] Cooldown 125min | HHLL Trend Following
[AI] Provider: GROQ | Key: #2 | INVALID KEY → Next key
[AI] Provider: GROQ | Key: #ENV | INVALID KEY → Next key
[AI] Provider: GROQ | Semua key habis → Switch provider
[AI] ⚠️  Semua provider gagal — AI tidak tersedia, bot tetap berjalan normal.
[SCANNER] bias:NEUTRAL conf:10% | Sim:52% CAUTION → ⏭ SKIP (Trend tidak aligned (H4:NEUTRAL H1:NEUTRAL))
[EBOOK-ENGINE] Cooldown 125min | HHLL Trend Following
[NEWS] MarketWatch FX: 8 items, 0 relevant
[NEWS] Investing.com Commodities: 8 items, 3 relevant
[NEWS] Yahoo Finance Gold: 8 items, 5 relevant
[AI] Provider: GROQ | Key: #2 | INVALID KEY → Next key
[AI] Provider: GROQ | Key: #ENV | INVALID KEY → Next key
[AI] Provider: GROQ | Semua key habis → Switch provider
[AI] ⚠️  Semua provider gagal — AI tidak tersedia, bot tetap berjalan normal.
[SCANNER] bias:NEUTRAL conf:10% | Sim:52% CAUTION → ⏭ SKIP (Trend tidak aligned (H4:NEUTRAL H1:NEUTRAL))
[EBOOK-ENGINE] Cooldown 124min | HHLL Trend Following
[AI] Provider: GROQ | Key: #2 | INVALID KEY → Next key
[AI] Provider: GROQ | Key: #ENV | INVALID KEY → Next key
[AI] Provider: GROQ | Semua key habis → Switch provider
[AI] ⚠️  Semua provider gagal — AI tidak tersedia, bot tetap berjalan normal.
[SCANNER] bias:NEUTRAL conf:10% | Sim:52% CAUTION → ⏭ SKIP (Trend tidak aligned (H4:NEUTRAL H1:NEUTRAL))
[EBOOK-ENGINE] Cooldown 124min | HHLL Trend Following
[AI] Provider: GROQ | Key: #2 | INVALID KEY → Next key
[AI] Provider: GROQ | Key: #ENV | INVALID KEY → Next key
[AI] Provider: GROQ | Semua key habis → Switch provider
[AI] ⚠️  Semua provider gagal — AI tidak tersedia, bot tetap berjalan normal.
[SCANNER] bias:NEUTRAL conf:10% | Sim:52% CAUTION → ⏭ SKIP (Trend tidak aligned (H4:NEUTRAL H1:NEUTRAL))
[EBOOK-ENGINE] Cooldown 123min | HHLL Trend Following
[AI] Provider: GROQ | Key: #2 | INVALID KEY → Next key
[AI] Provider: GROQ | Key: #ENV | INVALID KEY → Next key
[AI] Provider: GROQ | Semua key habis → Switch provider
[AI] ⚠️  Semua provider gagal — AI tidak tersedia, bot tetap berjalan normal.
[SCANNER] bias:NEUTRAL conf:10% | Sim:53% CAUTION → ⏭ SKIP (Trend tidak aligned (H4:NEUTRAL H1:NEUTRAL))
[EBOOK-ENGINE] Cooldown 123min | HHLL Trend Following
[AI] Provider: GROQ | Key: #2 | INVALID KEY → Next key
[AI] Provider: GROQ | Key: #ENV | INVALID KEY → Next key
[AI] Provider: GROQ | Semua key habis → Switch provider
[AI] ⚠️  Semua provider gagal — AI tidak tersedia, bot tetap berjalan normal.
[SCANNER] bias:NEUTRAL conf:10% | Sim:53% CAUTION → ⏭ SKIP (Trend tidak aligned (H4:NEUTRAL H1:NEUTRAL))
[EBOOK-ENGINE] Cooldown 122min | HHLL Trend Following
[AI] Provider: GROQ | Key: #2 | INVALID KEY → Next key
[AI] Provider: GROQ | Key: #ENV | INVALID KEY → Next key
[AI] Provider: GROQ | Semua key habis → Switch provider
[AI] ⚠️  Semua provider gagal — AI tidak tersedia, bot tetap berjalan normal.
[SCANNER] bias:NEUTRAL conf:10% | Sim:53% CAUTION → ⏭ SKIP (Trend tidak aligned (H4:NEUTRAL H1:NEUTRAL))
[EBOOK-ENGINE] Cooldown 122min | HHLL Trend Following
[AI] Provider: GROQ | Key: #2 | INVALID KEY → Next key
[AI] Provider: GROQ | Key: #ENV | INVALID KEY → Next key
[AI] Provider: GROQ | Semua key habis → Switch provider
[AI] ⚠️  Semua provider gagal — AI tidak tersedia, bot tetap berjalan normal.
[SCANNER] bias:NEUTRAL conf:10% | Sim:53% CAUTION → ⏭ SKIP (Trend tidak aligned (H4:NEUTRAL H1:NEUTRAL))
[EBOOK-ENGINE] Cooldown 121min | HHLL Trend Following
[AI] Provider: GROQ | Key: #2 | INVALID KEY → Next key
[AI] Provider: GROQ | Key: #ENV | INVALID KEY → Next key
[AI] Provider: GROQ | Semua key habis → Switch provider
[AI] ⚠️  Semua provider gagal — AI tidak tersedia, bot tetap berjalan normal.
[SCANNER] bias:NEUTRAL conf:10% | Sim:53% CAUTION → ⏭ SKIP (Trend tidak aligned (H4:NEUTRAL H1:NEUTRAL))
[EBOOK-ENGINE] Cooldown 121min | HHLL Trend Following
[AI] Provider: GROQ | Key: #2 | INVALID KEY → Next key
[AI] Provider: GROQ | Key: #ENV | INVALID KEY → Next key
[AI] Provider: GROQ | Semua key habis → Switch provider
[AI] ⚠️  Semua provider gagal — AI tidak tersedia, bot tetap berjalan normal.
[SCANNER] bias:NEUTRAL conf:10% | Sim:53% CAUTION → ⏭ SKIP (Trend tidak aligned (H4:NEUTRAL H1:NEUTRAL))
[EBOOK-ENGINE] Cooldown 120min | HHLL Trend Following
[AI] Provider: GROQ | Key: #2 | INVALID KEY → Next key
[AI] Provider: GROQ | Key: #ENV | INVALID KEY → Next key
[AI] Provider: GROQ | Semua key habis → Switch provider
[AI] ⚠️  Semua provider gagal — AI tidak tersedia, bot tetap berjalan normal.
[SCANNER] bias:NEUTRAL conf:10% | Sim:53% CAUTION → ⏭ SKIP (Trend tidak aligned (H4:NEUTRAL H1:NEUTRAL))
[EBOOK-ENGINE] Cooldown 120min | HHLL Trend Following
[AI] Provider: GROQ | Key: #2 | INVALID KEY → Next key
[AI] Provider: GROQ | Key: #ENV | INVALID KEY → Next key
[AI] Provider: GROQ | Semua key habis → Switch provider
[AI] ⚠️  Semua provider gagal — AI tidak tersedia, bot tetap berjalan normal.
[SCANNER] bias:NEUTRAL conf:10% | Sim:53% CAUTION → ⏭ SKIP (Trend tidak aligned (H4:NEUTRAL H1:NEUTRAL))
[EBOOK-ENGINE] Cooldown 119min | HHLL Trend Following
[AI] Provider: GROQ | Key: #2 | INVALID KEY → Next key
[AI] Provider: GROQ | Key: #ENV | INVALID KEY → Next key
[AI] Provider: GROQ | Semua key habis → Switch provider
[AI] ⚠️  Semua provider gagal — AI tidak tersedia, bot tetap berjalan normal.
[SCANNER] bias:NEUTRAL conf:10% | Sim:53% CAUTION → ⏭ SKIP (Trend tidak aligned (H4:NEUTRAL H1:NEUTRAL))
[EBOOK-ENGINE] Cooldown 119min | Sniper High Confluence Entry
[WATCHLIST] ⏳ Alert terkirim — BUY | conf:43% | readiness:57% (4/7)
[AI] Provider: GROQ | Key: #2 | INVALID KEY → Next key
[AI] Provider: GROQ | Key: #ENV | INVALID KEY → Next key
[AI] Provider: GROQ | Semua key habis → Switch provider
[AI] ⚠️  Semua provider gagal — AI tidak tersedia, bot tetap berjalan normal.
[SCANNER] bias:BUY conf:10% | Sim:50% CAUTION → ⏭ SKIP (Trend tidak aligned (H4:BUY H1:NEUTRAL))
[EBOOK-ENGINE] Cooldown 118min | Sniper High Confluence Entry
[AI] Provider: GROQ | Key: #2 | INVALID KEY → Next key
[AI] Provider: GROQ | Key: #ENV | INVALID KEY → Next key
[AI] Provider: GROQ | Semua key habis → Switch provider
[AI] ⚠️  Semua provider gagal — AI tidak tersedia, bot tetap berjalan normal.
[SCANNER] bias:BUY conf:10% | Sim:50% CAUTION → ⏭ SKIP (Trend tidak aligned (H4:BUY H1:NEUTRAL))
[EBOOK-ENGINE] Cooldown 118min | Sniper High Confluence Entry
[AI] Provider: GROQ | Key: #2 | INVALID KEY → Next key
[AI] Provider: GROQ | Key: #ENV | INVALID KEY → Next key
[AI] Provider: GROQ | Semua key habis → Switch provider
[AI] ⚠️  Semua provider gagal — AI tidak tersedia, bot tetap berjalan normal.
[SCANNER] bias:BUY conf:10% | Sim:50% CAUTION → ⏭ SKIP (Trend tidak aligned (H4:BUY H1:NEUTRAL))
[EBOOK-ENGINE] Cooldown 117min | Sniper High Confluence Entry
[AI] Provider: GROQ | Key: #2 | INVALID KEY → Next key
[AI] Provider: GROQ | Key: #ENV | INVALID KEY → Next key
[AI] Provider: GROQ | Semua key habis → Switch provider
[AI] ⚠️  Semua provider gagal — AI tidak tersedia, bot tetap berjalan normal.
[SCANNER] bias:BUY conf:10% | Sim:50% CAUTION → ⏭ SKIP (Trend tidak aligned (H4:BUY H1:NEUTRAL))
[EBOOK-ENGINE] Cooldown 117min | Sniper High Confluence Entry
[AI] Provider: GROQ | Key: #2 | INVALID KEY → Next key
[AI] Provider: GROQ | Key: #ENV | INVALID KEY → Next key
[AI] Provider: GROQ | Semua key habis → Switch provider
[AI] ⚠️  Semua provider gagal — AI tidak tersedia, bot tetap berjalan normal.
[SCANNER] bias:BUY conf:10% | Sim:50% CAUTION → ⏭ SKIP (Trend tidak aligned (H4:BUY H1:NEUTRAL))
[EBOOK-ENGINE] Cooldown 116min | Sniper High Confluence Entry
[AI] Provider: GROQ | Key: #2 | INVALID KEY → Next key
[AI] Provider: GROQ | Key: #ENV | INVALID KEY → Next key
[AI] Provider: GROQ | Semua key habis → Switch provider
[AI] ⚠️  Semua provider gagal — AI tidak tersedia, bot tetap berjalan normal.
[SCANNER] bias:BUY conf:10% | Sim:50% CAUTION → ⏭ SKIP (Trend tidak aligned (H4:BUY H1:NEUTRAL))
[EBOOK-ENGINE] Cooldown 116min | Sniper High Confluence Entry
[AI] Provider: GROQ | Key: #2 | INVALID KEY → Next key
[AI] Provider: GROQ | Key: #ENV | INVALID KEY → Next key
[AI] Provider: GROQ | Semua key habis → Switch provider
[AI] ⚠️  Semua provider gagal — AI tidak tersedia, bot tetap berjalan normal.
[SCANNER] bias:BUY conf:10% | Sim:50% CAUTION → ⏭ SKIP (Trend tidak aligned (H4:BUY H1:NEUTRAL))
[EBOOK-ENGINE] Cooldown 115min | Sniper High Confluence Entry
[AI] Provider: GROQ | Key: #2 | INVALID KEY → Next key
[AI] Provider: GROQ | Key: #ENV | INVALID KEY → Next key
[AI] Provider: GROQ | Semua key habis → Switch provider
[AI] ⚠️  Semua provider gagal — AI tidak tersedia, bot tetap berjalan normal.
[SCANNER] bias:BUY conf:10% | Sim:50% CAUTION → ⏭ SKIP (Trend tidak aligned (H4:BUY H1:NEUTRAL))
[EBOOK-ENGINE] Cooldown 115min | Sniper High Confluence Entry
[AI] Provider: GROQ | Key: #2 | INVALID KEY → Next key
[AI] Provider: GROQ | Key: #ENV | INVALID KEY → Next key
[AI] Provider: GROQ | Semua key habis → Switch provider
[AI] ⚠️  Semua provider gagal — AI tidak tersedia, bot tetap berjalan normal.
[SCANNER] bias:NEUTRAL conf:10% | Sim:53% CAUTION → ⏭ SKIP (Trend tidak aligned (H4:NEUTRAL H1:NEUTRAL))
[AI] Provider: GROQ | Key: #2 | INVALID KEY → Next key
[AI] Provider: GROQ | Key: #ENV | INVALID KEY → Next key
[AI] Provider: GROQ | Semua key habis → Switch provider
[AI] ⚠️  Semua provider gagal — AI tidak tersedia, bot tetap berjalan normal.
[SCANNER] bias:NEUTRAL conf:10% | Sim:53% CAUTION → ⏭ SKIP (Trend tidak aligned (H4:NEUTRAL H1:NEUTRAL))
[AI] Provider: GROQ | Key: #2 | INVALID KEY → Next key
[AI] Provider: GROQ | Key: #ENV | INVALID KEY → Next key
[AI] Provider: GROQ | Semua key habis → Switch provider
[AI] ⚠️  Semua provider gagal — AI tidak tersedia, bot tetap berjalan normal.
[SCANNER] bias:NEUTRAL conf:10% | Sim:53% CAUTION → ⏭ SKIP (Trend tidak aligned (H4:NEUTRAL H1:NEUTRAL))
[AI] Provider: GROQ | Key: #2 | INVALID KEY → Next key
[AI] Provider: GROQ | Key: #ENV | INVALID KEY → Next key
[AI] Provider: GROQ | Semua key habis → Switch provider
[AI] ⚠️  Semua provider gagal — AI tidak tersedia, bot tetap berjalan normal.
[SCANNER] bias:NEUTRAL conf:10% | Sim:53% CAUTION → ⏭ SKIP (Trend tidak aligned (H4:NEUTRAL H1:NEUTRAL))
[AI] Provider: GROQ | Key: #2 | INVALID KEY → Next key
[AI] Provider: GROQ | Key: #ENV | INVALID KEY → Next key
[AI] Provider: GROQ | Semua key habis → Switch provider
[AI] ⚠️  Semua provider gagal — AI tidak tersedia, bot tetap berjalan normal.
[SCANNER] bias:NEUTRAL conf:10% | Sim:53% CAUTION → ⏭ SKIP (Trend tidak aligned (H4:NEUTRAL H1:NEUTRAL))
[AI] Provider: GROQ | Key: #2 | INVALID KEY → Next key
[AI] Provider: GROQ | Key: #ENV | INVALID KEY → Next key
[AI] Provider: GROQ | Semua key habis → Switch provider
[AI] ⚠️  Semua provider gagal — AI tidak tersedia, bot tetap berjalan normal.
[SCANNER] bias:NEUTRAL conf:10% | Sim:53% CAUTION → ⏭ SKIP (Trend tidak aligned (H4:NEUTRAL H1:NEUTRAL))
[AI] Provider: GROQ | Key: #2 | INVALID KEY → Next key
[AI] Provider: GROQ | Key: #ENV | INVALID KEY → Next key
[AI] Provider: GROQ | Semua key habis → Switch provider
[AI] ⚠️  Semua provider gagal — AI tidak tersedia, bot tetap berjalan normal.
[SCANNER] bias:NEUTRAL conf:10% | Sim:53% CAUTION → ⏭ SKIP (Trend tidak aligned (H4:NEUTRAL H1:NEUTRAL))
[AI] Provider: GROQ | Key: #2 | INVALID KEY → Next key
[AI] Provider: GROQ | Key: #ENV | INVALID KEY → Next key
[AI] Provider: GROQ | Semua key habis → Switch provider
[AI] ⚠️  Semua provider gagal — AI tidak tersedia, bot tetap berjalan normal.
[SCANNER] bias:NEUTRAL conf:10% | Sim:53% CAUTION → ⏭ SKIP (Trend tidak aligned (H4:NEUTRAL H1:NEUTRAL))
[AI] Provider: GROQ | Key: #2 | INVALID KEY → Next key
[AI] Provider: GROQ | Key: #ENV | INVALID KEY → Next key
[AI] Provider: GROQ | Semua key habis → Switch provider
[AI] ⚠️  Semua provider gagal — AI tidak tersedia, bot tetap berjalan normal.
[SCANNER] bias:NEUTRAL conf:10% | Sim:53% CAUTION → ⏭ SKIP (Trend tidak aligned (H4:NEUTRAL H1:NEUTRAL))
[EBOOK-ENGINE] Cooldown 110min | Sniper High Confluence Entry
[AI] Provider: GROQ | Key: #2 | INVALID KEY → Next key
[AI] Provider: GROQ | Key: #ENV | INVALID KEY → Next key
[AI] Provider: GROQ | Semua key habis → Switch provider
[AI] ⚠️  Semua provider gagal — AI tidak tersedia, bot tetap berjalan normal.
[SCANNER] bias:BUY conf:10% | Sim:50% CAUTION → ⏭ SKIP (Trend tidak aligned (H4:BUY H1:NEUTRAL))
[EBOOK-ENGINE] Cooldown 110min | Sniper High Confluence Entry
[NEWS] Investing.com Commodities: 8 items, 3 relevant
[NEWS] MarketWatch FX: 8 items, 0 relevant
[NEWS] Yahoo Finance Gold: 8 items, 4 relevant
[AI] Provider: GROQ | Key: #2 | INVALID KEY → Next key
[AI] Provider: GROQ | Key: #ENV | INVALID KEY → Next key
[AI] Provider: GROQ | Semua key habis → Switch provider
[AI] ⚠️  Semua provider gagal — AI tidak tersedia, bot tetap berjalan normal.
[SCANNER] bias:BUY conf:10% | Sim:50% CAUTION → ⏭ SKIP (Trend tidak aligned (H4:BUY H1:NEUTRAL))
[EBOOK-ENGINE] Cooldown 109min | Sniper High Confluence Entry
[AI] Provider: GROQ | Key: #2 | INVALID KEY → Next key
[AI] Provider: GROQ | Key: #ENV | INVALID KEY → Next key
[AI] Provider: GROQ | Semua key habis → Switch provider
[AI] ⚠️  Semua provider gagal — AI tidak tersedia, bot tetap berjalan normal.
[SCANNER] bias:BUY conf:10% | Sim:50% CAUTION → ⏭ SKIP (Trend tidak aligned (H4:BUY H1:NEUTRAL))
[EBOOK-ENGINE] Cooldown 109min | Sniper High Confluence Entry
[AI] Provider: GROQ | Key: #2 | INVALID KEY → Next key
[AI] Provider: GROQ | Key: #ENV | INVALID KEY → Next key
[AI] Provider: GROQ | Semua key habis → Switch provider
[AI] ⚠️  Semua provider gagal — AI tidak tersedia, bot tetap berjalan normal.
[SCANNER] bias:BUY conf:10% | Sim:50% CAUTION → ⏭ SKIP (Trend tidak aligned (H4:BUY H1:NEUTRAL))
[EBOOK-ENGINE] Cooldown 108min | Sniper High Confluence Entry
[AI] Provider: GROQ | Key: #2 | INVALID KEY → Next key
[AI] Provider: GROQ | Key: #ENV | INVALID KEY → Next key
[AI] Provider: GROQ | Semua key habis → Switch provider
[AI] ⚠️  Semua provider gagal — AI tidak tersedia, bot tetap berjalan normal.
[SCANNER] bias:BUY conf:10% | Sim:50% CAUTION → ⏭ SKIP (Trend tidak aligned (H4:BUY H1:NEUTRAL))
[EBOOK-ENGINE] Cooldown 108min | Sniper High Confluence Entry
[AI] Provider: GROQ | Key: #2 | INVALID KEY → Next key
[AI] Provider: GROQ | Key: #ENV | INVALID KEY → Next key
[AI] Provider: GROQ | Semua key habis → Switch provider
[AI] ⚠️  Semua provider gagal — AI tidak tersedia, bot tetap berjalan normal.
[SCANNER] bias:BUY conf:10% | Sim:50% CAUTION → ⏭ SKIP (Trend tidak aligned (H4:BUY H1:NEUTRAL))
[EBOOK-ENGINE] Cooldown 107min | Sniper High Confluence Entry
[AI] Provider: GROQ | Key: #2 | INVALID KEY → Next key
[AI] Provider: GROQ | Key: #ENV | INVALID KEY → Next key
[AI] Provider: GROQ | Semua key habis → Switch provider
[AI] ⚠️  Semua provider gagal — AI tidak tersedia, bot tetap berjalan normal.
[SCANNER] bias:BUY conf:10% | Sim:50% CAUTION → ⏭ SKIP (Trend tidak aligned (H4:BUY H1:NEUTRAL))
[EBOOK-ENGINE] Cooldown 107min | Sniper High Confluence Entry
[AI] Provider: GROQ | Key: #2 | INVALID KEY → Next key
[AI] Provider: GROQ | Key: #ENV | INVALID KEY → Next key
[AI] Provider: GROQ | Semua key habis → Switch provider
[AI] ⚠️  Semua provider gagal — AI tidak tersedia, bot tetap berjalan normal.
[SCANNER] bias:BUY conf:10% | Sim:50% CAUTION → ⏭ SKIP (Trend tidak aligned (H4:BUY H1:NEUTRAL))
[EBOOK-ENGINE] Cooldown 106min | Sniper High Confluence Entry
[ENSEMBLE] Score: 48/100 (FAIL)
[AI] Provider: GROQ | Key: #2 | INVALID KEY → Next key
[AI] Provider: GROQ | Key: #ENV | INVALID KEY → Next key
[AI] Provider: GROQ | Semua key habis → Switch provider
[AI] ⚠️  Semua provider gagal — AI tidak tersedia, bot tetap berjalan normal.
[SCANNER] bias:STRONG_BUY conf:52% | Sim:56% AVOID | Ensemble:48/100 → ⏭ SKIP (M5 tidak valid: Harga 140.8 pips di atas EMA20 — tunggu pullback ke 4598.94)
[EBOOK-ENGINE] Cooldown 106min | Sniper High Confluence Entry
[ENSEMBLE] Score: 48/100 (FAIL)
[AI] Provider: GROQ | Key: #2 | INVALID KEY → Next key
[AI] Provider: GROQ | Key: #ENV | INVALID KEY → Next key
[AI] Provider: GROQ | Semua key habis → Switch provider
[AI] ⚠️  Semua provider gagal — AI tidak tersedia, bot tetap berjalan normal.
[SCANNER] bias:STRONG_BUY conf:52% | Sim:56% AVOID | Ensemble:48/100 → ⏭ SKIP (M5 tidak valid: Harga 140.8 pips di atas EMA20 — tunggu pullback ke 4598.94)
[EBOOK-ENGINE] Cooldown 105min | Sniper High Confluence Entry
[ENSEMBLE] Score: 48/100 (FAIL)
[AI] Provider: GROQ | Key: #2 | INVALID KEY → Next key
[AI] Provider: GROQ | Key: #ENV | INVALID KEY → Next key
[AI] Provider: GROQ | Semua key habis → Switch provider
[AI] ⚠️  Semua provider gagal — AI tidak tersedia, bot tetap berjalan normal.
[SCANNER] bias:STRONG_BUY conf:52% | Sim:56% AVOID | Ensemble:48/100 → ⏭ SKIP (M5 tidak valid: Harga 140.8 pips di atas EMA20 — tunggu pullback ke 4598.94)
[EBOOK-ENGINE] Cooldown 105min | Sniper High Confluence Entry
[ENSEMBLE] Score: 48/100 (FAIL)
[AI] Provider: GROQ | Key: #2 | INVALID KEY → Next key
[AI] Provider: GROQ | Key: #ENV | INVALID KEY → Next key
[AI] Provider: GROQ | Semua key habis → Switch provider
[AI] ⚠️  Semua provider gagal — AI tidak tersedia, bot tetap berjalan normal.
[SCANNER] bias:STRONG_BUY conf:52% | Sim:56% AVOID | Ensemble:48/100 → ⏭ SKIP (M5 tidak valid: Harga 140.8 pips di atas EMA20 — tunggu pullback ke 4598.94)
[EBOOK-ENGINE] Cooldown 104min | Sniper High Confluence Entry
[ENSEMBLE] Score: 48/100 (FAIL)
[AI] Provider: GROQ | Key: #2 | INVALID KEY → Next key
[AI] Provider: GROQ | Key: #ENV | INVALID KEY → Next key
[AI] Provider: GROQ | Semua key habis → Switch provider
[AI] ⚠️  Semua provider gagal — AI tidak tersedia, bot tetap berjalan normal.
[SCANNER] bias:STRONG_BUY conf:52% | Sim:56% AVOID | Ensemble:48/100 → ⏭ SKIP (M5 tidak valid: Harga 140.8 pips di atas EMA20 — tunggu pullback ke 4598.94)
[EBOOK-ENGINE] Cooldown 104min | Sniper High Confluence Entry
[ENSEMBLE] Score: 48/100 (FAIL)
[AI] Provider: GROQ | Key: #2 | INVALID KEY → Next key
[AI] Provider: GROQ | Key: #ENV | INVALID KEY → Next key
[AI] Provider: GROQ | Semua key habis → Switch provider
[AI] ⚠️  Semua provider gagal — AI tidak tersedia, bot tetap berjalan normal.
[SCANNER] bias:STRONG_BUY conf:52% | Sim:56% AVOID | Ensemble:48/100 → ⏭ SKIP (M5 tidak valid: Harga 140.8 pips di atas EMA20 — tunggu pullback ke 4598.94)
[EBOOK-ENGINE] Cooldown 103min | Sniper High Confluence Entry
[ENSEMBLE] Score: 48/100 (FAIL)
[AI] Provider: GROQ | Key: #2 | INVALID KEY → Next key
[AI] Provider: GROQ | Key: #ENV | INVALID KEY → Next key
[AI] Provider: GROQ | Semua key habis → Switch provider
[AI] ⚠️  Semua provider gagal — AI tidak tersedia, bot tetap berjalan normal.
[SCANNER] bias:STRONG_BUY conf:52% | Sim:56% AVOID | Ensemble:48/100 → ⏭ SKIP (M5 tidak valid: Harga 140.8 pips di atas EMA20 — tunggu pullback ke 4598.94)
[EBOOK-ENGINE] Cooldown 103min | Sniper High Confluence Entry
[ENSEMBLE] Score: 48/100 (FAIL)
[AI] Provider: GROQ | Key: #2 | INVALID KEY → Next key
[AI] Provider: GROQ | Key: #ENV | INVALID KEY → Next key
[AI] Provider: GROQ | Semua key habis → Switch provider
[AI] ⚠️  Semua provider gagal — AI tidak tersedia, bot tetap berjalan normal.
[SCANNER] bias:STRONG_BUY conf:52% | Sim:56% AVOID | Ensemble:48/100 → ⏭ SKIP (M5 tidak valid: Harga 140.8 pips di atas EMA20 — tunggu pullback ke 4598.94)
[EBOOK-ENGINE] Cooldown 102min | Sniper High Confluence Entry
[ENSEMBLE] Score: 48/100 (FAIL)
[AI] Provider: GROQ | Key: #2 | INVALID KEY → Next key
[AI] Provider: GROQ | Key: #ENV | INVALID KEY → Next key
[AI] Provider: GROQ | Semua key habis → Switch provider
[AI] ⚠️  Semua provider gagal — AI tidak tersedia, bot tetap berjalan normal.
[SCANNER] bias:STRONG_BUY conf:52% | Sim:56% AVOID | Ensemble:48/100 → ⏭ SKIP (M5 tidak valid: Harga 140.8 pips di atas EMA20 — tunggu pullback ke 4598.94)
[AI] Provider: GROQ | Key: #2 | INVALID KEY → Next key
[AI] Provider: GROQ | Key: #ENV | INVALID KEY → Next key
[AI] Provider: GROQ | Semua key habis → Switch provider
[AI] ⚠️  Semua provider gagal — AI tidak tersedia, bot tetap berjalan normal.
[SCANNER] bias:BUY conf:10% | Sim:50% CAUTION → ⏭ SKIP (Trend tidak aligned (H4:BUY H1:NEUTRAL))
[AI] Provider: GROQ | Key: #2 | INVALID KEY → Next key
[AI] Provider: GROQ | Key: #ENV | INVALID KEY → Next key
[AI] Provider: GROQ | Semua key habis → Switch provider
[AI] ⚠️  Semua provider gagal — AI tidak tersedia, bot tetap berjalan normal.
[SCANNER] bias:BUY conf:10% | Sim:50% CAUTION → ⏭ SKIP (Trend tidak aligned (H4:BUY H1:NEUTRAL))
[AI] Provider: GROQ | Key: #2 | INVALID KEY → Next key
[AI] Provider: GROQ | Key: #ENV | INVALID KEY → Next key
[AI] Provider: GROQ | Semua key habis → Switch provider
[AI] ⚠️  Semua provider gagal — AI tidak tersedia, bot tetap berjalan normal.
[SCANNER] bias:BUY conf:10% | Sim:50% CAUTION → ⏭ SKIP (Trend tidak aligned (H4:BUY H1:NEUTRAL))
[AI] Provider: GROQ | Key: #2 | INVALID KEY → Next key
[AI] Provider: GROQ | Key: #ENV | INVALID KEY → Next key
[AI] Provider: GROQ | Semua key habis → Switch provider
[AI] ⚠️  Semua provider gagal — AI tidak tersedia, bot tetap berjalan normal.
[SCANNER] bias:BUY conf:10% | Sim:50% CAUTION → ⏭ SKIP (Trend tidak aligned (H4:BUY H1:NEUTRAL))
[AI] Provider: GROQ | Key: #2 | INVALID KEY → Next key
[AI] Provider: GROQ | Key: #ENV | INVALID KEY → Next key
[AI] Provider: GROQ | Semua key habis → Switch provider
[AI] ⚠️  Semua provider gagal — AI tidak tersedia, bot tetap berjalan normal.
[SCANNER] bias:BUY conf:10% | Sim:50% CAUTION → ⏭ SKIP (Trend tidak aligned (H4:BUY H1:NEUTRAL))
[AI] Provider: GROQ | Key: #2 | INVALID KEY → Next key
[AI] Provider: GROQ | Key: #ENV | INVALID KEY → Next key
[AI] Provider: GROQ | Semua key habis → Switch provider
[AI] ⚠️  Semua provider gagal — AI tidak tersedia, bot tetap berjalan normal.
[SCANNER] bias:BUY conf:10% | Sim:50% CAUTION → ⏭ SKIP (Trend tidak aligned (H4:BUY H1:NEUTRAL))
[AI] Provider: GROQ | Key: #2 | INVALID KEY → Next key
[AI] Provider: GROQ | Key: #ENV | INVALID KEY → Next key
[AI] Provider: GROQ | Semua key habis → Switch provider
[AI] ⚠️  Semua provider gagal — AI tidak tersedia, bot tetap berjalan normal.
[SCANNER] bias:BUY conf:10% | Sim:50% CAUTION → ⏭ SKIP (Trend tidak aligned (H4:BUY H1:NEUTRAL))
[AI] Provider: GROQ | Key: #2 | INVALID KEY → Next key
[AI] Provider: GROQ | Key: #ENV | INVALID KEY → Next key
[AI] Provider: GROQ | Semua key habis → Switch provider
[AI] ⚠️  Semua provider gagal — AI tidak tersedia, bot tetap berjalan normal.
[SCANNER] bias:BUY conf:10% | Sim:50% CAUTION → ⏭ SKIP (Trend tidak aligned (H4:BUY H1:NEUTRAL))
[AI] Provider: GROQ | Key: #2 | INVALID KEY → Next key
[AI] Provider: GROQ | Key: #ENV | INVALID KEY → Next key
[AI] Provider: GROQ | Semua key habis → Switch provider
[AI] ⚠️  Semua provider gagal — AI tidak tersedia, bot tetap berjalan normal.
[SCANNER] bias:BUY conf:10% | Sim:52% CAUTION → ⏭ SKIP (Trend tidak aligned (H4:BUY H1:NEUTRAL))
[AI] Provider: GROQ | Key: #2 | INVALID KEY → Next key
[AI] Provider: GROQ | Key: #ENV | INVALID KEY → Next key
[AI] Provider: GROQ | Semua key habis → Switch provider
[AI] ⚠️  Semua provider gagal — AI tidak tersedia, bot tetap berjalan normal.
[SCANNER] bias:BUY conf:10% | Sim:52% CAUTION → ⏭ SKIP (Trend tidak aligned (H4:BUY H1:NEUTRAL))
[AI] Provider: GROQ | Key: #2 | INVALID KEY → Next key
[AI] Provider: GROQ | Key: #ENV | INVALID KEY → Next key
[AI] Provider: GROQ | Semua key habis → Switch provider
[AI] ⚠️  Semua provider gagal — AI tidak tersedia, bot tetap berjalan normal.
[SCANNER] bias:BUY conf:10% | Sim:52% CAUTION → ⏭ SKIP (Trend tidak aligned (H4:BUY H1:NEUTRAL))
[AI] Provider: GROQ | Key: #2 | INVALID KEY → Next key
[AI] Provider: GROQ | Key: #ENV | INVALID KEY → Next key
[AI] Provider: GROQ | Semua key habis → Switch provider
[AI] ⚠️  Semua provider gagal — AI tidak tersedia, bot tetap berjalan normal.
[SCANNER] bias:BUY conf:10% | Sim:52% CAUTION → ⏭ SKIP (Trend tidak aligned (H4:BUY H1:NEUTRAL))
[AI] Provider: GROQ | Key: #2 | INVALID KEY → Next key
[AI] Provider: GROQ | Key: #ENV | INVALID KEY → Next key
[AI] Provider: GROQ | Semua key habis → Switch provider
[AI] ⚠️  Semua provider gagal — AI tidak tersedia, bot tetap berjalan normal.
[SCANNER] bias:BUY conf:10% | Sim:52% CAUTION → ⏭ SKIP (Trend tidak aligned (H4:BUY H1:NEUTRAL))
[AI] Provider: GROQ | Key: #2 | INVALID KEY → Next key
[AI] Provider: GROQ | Key: #ENV | INVALID KEY → Next key
[AI] Provider: GROQ | Semua key habis → Switch provider
[AI] ⚠️  Semua provider gagal — AI tidak tersedia, bot tetap berjalan normal.
[SCANNER] bias:BUY conf:10% | Sim:52% CAUTION → ⏭ SKIP (Trend tidak aligned (H4:BUY H1:NEUTRAL))
[NEWS] MarketWatch FX: 8 items, 0 relevant
[NEWS] Investing.com Commodities: 8 items, 3 relevant
[NEWS] Yahoo Finance Gold: 8 items, 4 relevant
[AI] Provider: GROQ | Key: #2 | INVALID KEY → Next key
[AI] Provider: GROQ | Key: #ENV | INVALID KEY → Next key
[AI] Provider: GROQ | Semua key habis → Switch provider
[AI] ⚠️  Semua provider gagal — AI tidak tersedia, bot tetap berjalan normal.
[SCANNER] bias:BUY conf:10% | Sim:52% CAUTION → ⏭ SKIP (Trend tidak aligned (H4:BUY H1:NEUTRAL))
[AI] Provider: GROQ | Key: #2 | INVALID KEY → Next key
[AI] Provider: GROQ | Key: #ENV | INVALID KEY → Next key
[AI] Provider: GROQ | Semua key habis → Switch provider
[AI] ⚠️  Semua provider gagal — AI tidak tersedia, bot tetap berjalan normal.
[SCANNER] bias:BUY conf:10% | Sim:52% CAUTION → ⏭ SKIP (Trend tidak aligned (H4:BUY H1:NEUTRAL))
[AI] Provider: GROQ | Key: #2 | INVALID KEY → Next key
[AI] Provider: GROQ | Key: #ENV | INVALID KEY → Next key
[AI] Provider: GROQ | Semua key habis → Switch provider
[AI] ⚠️  Semua provider gagal — AI tidak tersedia, bot tetap berjalan normal.
[SCANNER] bias:BUY conf:10% | Sim:51% NEUTRAL → ⏭ SKIP (Trend tidak aligned (H4:BUY H1:NEUTRAL))
[AI] Provider: GROQ | Key: #2 | INVALID KEY → Next key
[AI] Provider: GROQ | Key: #ENV | INVALID KEY → Next key
[AI] Provider: GROQ | Semua key habis → Switch provider
[AI] ⚠️  Semua provider gagal — AI tidak tersedia, bot tetap berjalan normal.
[SCANNER] bias:BUY conf:10% | Sim:51% NEUTRAL → ⏭ SKIP (Trend tidak aligned (H4:BUY H1:NEUTRAL))
[AI] Provider: GROQ | Key: #2 | INVALID KEY → Next key
[AI] Provider: GROQ | Key: #ENV | INVALID KEY → Next key
[AI] Provider: GROQ | Semua key habis → Switch provider
[AI] ⚠️  Semua provider gagal — AI tidak tersedia, bot tetap berjalan normal.
[SCANNER] bias:BUY conf:10% | Sim:51% NEUTRAL → ⏭ SKIP (Trend tidak aligned (H4:BUY H1:NEUTRAL))
[AI] Provider: GROQ | Key: #2 | INVALID KEY → Next key
[AI] Provider: GROQ | Key: #ENV | INVALID KEY → Next key
[AI] Provider: GROQ | Semua key habis → Switch provider
[AI] ⚠️  Semua provider gagal — AI tidak tersedia, bot tetap berjalan normal.
[SCANNER] bias:BUY conf:10% | Sim:51% NEUTRAL → ⏭ SKIP (Trend tidak aligned (H4:BUY H1:NEUTRAL))
[AI] Provider: GROQ | Key: #2 | INVALID KEY → Next key
[AI] Provider: GROQ | Key: #ENV | INVALID KEY → Next key
[AI] Provider: GROQ | Semua key habis → Switch provider
[AI] ⚠️  Semua provider gagal — AI tidak tersedia, bot tetap berjalan normal.
[SCANNER] bias:BUY conf:10% | Sim:51% NEUTRAL → ⏭ SKIP (Trend tidak aligned (H4:BUY H1:NEUTRAL))
[AI] Provider: GROQ | Key: #2 | INVALID KEY → Next key
[AI] Provider: GROQ | Key: #ENV | INVALID KEY → Next key
[AI] Provider: GROQ | Semua key habis → Switch provider
[AI] ⚠️  Semua provider gagal — AI tidak tersedia, bot tetap berjalan normal.
[SCANNER] bias:BUY conf:10% | Sim:51% NEUTRAL → ⏭ SKIP (Trend tidak aligned (H4:BUY H1:NEUTRAL))
[AI] Provider: GROQ | Key: #2 | INVALID KEY → Next key
[AI] Provider: GROQ | Key: #ENV | INVALID KEY → Next key
[AI] Provider: GROQ | Semua key habis → Switch provider
[AI] ⚠️  Semua provider gagal — AI tidak tersedia, bot tetap berjalan normal.
[SCANNER] bias:BUY conf:10% | Sim:51% NEUTRAL → ⏭ SKIP (Trend tidak aligned (H4:BUY H1:NEUTRAL))
[AI] Provider: GROQ | Key: #2 | INVALID KEY → Next key
[AI] Provider: GROQ | Key: #ENV | INVALID KEY → Next key
[AI] Provider: GROQ | Semua key habis → Switch provider
[AI] ⚠️  Semua provider gagal — AI tidak tersedia, bot tetap berjalan normal.
[SCANNER] bias:BUY conf:10% | Sim:51% NEUTRAL → ⏭ SKIP (Trend tidak aligned (H4:BUY H1:NEUTRAL))
[AI] Provider: GROQ | Key: #2 | INVALID KEY → Next key
[AI] Provider: GROQ | Key: #ENV | INVALID KEY → Next key
[AI] Provider: GROQ | Semua key habis → Switch provider
[AI] ⚠️  Semua provider gagal — AI tidak tersedia, bot tetap berjalan normal.
[SCANNER] bias:BUY conf:10% | Sim:51% NEUTRAL → ⏭ SKIP (Trend tidak aligned (H4:BUY H1:NEUTRAL))
[EBOOK-ENGINE] Cooldown 89min | Sniper High Confluence Entry
[AI] Provider: GROQ | Key: #2 | INVALID KEY → Next key
[AI] Provider: GROQ | Key: #ENV | INVALID KEY → Next key
[AI] Provider: GROQ | Semua key habis → Switch provider
[AI] ⚠️  Semua provider gagal — AI tidak tersedia, bot tetap berjalan normal.
[SCANNER] bias:BUY conf:10% | Sim:50% CAUTION → ⏭ SKIP (Trend tidak aligned (H4:BUY H1:NEUTRAL))
[EBOOK-ENGINE] Cooldown 89min | Sniper High Confluence Entry
[WATCHLIST] ⏳ Alert terkirim — BUY | conf:43% | readiness:57% (4/7)
[AI] Provider: GROQ | Key: #2 | INVALID KEY → Next key
[AI] Provider: GROQ | Key: #ENV | INVALID KEY → Next key
[AI] Provider: GROQ | Semua key habis → Switch provider
[AI] ⚠️  Semua provider gagal — AI tidak tersedia, bot tetap berjalan normal.
[SCANNER] bias:BUY conf:10% | Sim:50% CAUTION → ⏭ SKIP (Trend tidak aligned (H4:BUY H1:NEUTRAL))
[EBOOK-ENGINE] Cooldown 88min | Sniper High Confluence Entry
[AI] Provider: GROQ | Key: #2 | INVALID KEY → Next key
[AI] Provider: GROQ | Key: #ENV | INVALID KEY → Next key
[AI] Provider: GROQ | Semua key habis → Switch provider
[AI] ⚠️  Semua provider gagal — AI tidak tersedia, bot tetap berjalan normal.
[SCANNER] bias:BUY conf:10% | Sim:50% CAUTION → ⏭ SKIP (Trend tidak aligned (H4:BUY H1:NEUTRAL))
[EBOOK-ENGINE] Cooldown 88min | Sniper High Confluence Entry
[AI] Provider: GROQ | Key: #2 | INVALID KEY → Next key
[AI] Provider: GROQ | Key: #ENV | INVALID KEY → Next key
[AI] Provider: GROQ | Semua key habis → Switch provider
[AI] ⚠️  Semua provider gagal — AI tidak tersedia, bot tetap berjalan normal.
[SCANNER] bias:BUY conf:10% | Sim:50% CAUTION → ⏭ SKIP (Trend tidak aligned (H4:BUY H1:NEUTRAL))
[EBOOK-ENGINE] Cooldown 87min | Sniper High Confluence Entry
[AI] Provider: GROQ | Key: #2 | INVALID KEY → Next key
[AI] Provider: GROQ | Key: #ENV | INVALID KEY → Next key
[AI] Provider: GROQ | Semua key habis → Switch provider
[AI] ⚠️  Semua provider gagal — AI tidak tersedia, bot tetap berjalan normal.
[SCANNER] bias:BUY conf:10% | Sim:50% CAUTION → ⏭ SKIP (Trend tidak aligned (H4:BUY H1:NEUTRAL))
[EBOOK-ENGINE] Cooldown 87min | Sniper High Confluence Entry
[AI] Provider: GROQ | Key: #2 | INVALID KEY → Next key
[AI] Provider: GROQ | Key: #ENV | INVALID KEY → Next key
[AI] Provider: GROQ | Semua key habis → Switch provider
[AI] ⚠️  Semua provider gagal — AI tidak tersedia, bot tetap berjalan normal.
[SCANNER] bias:BUY conf:10% | Sim:50% CAUTION → ⏭ SKIP (Trend tidak aligned (H4:BUY H1:NEUTRAL))
[EBOOK-ENGINE] Cooldown 86min | Sniper High Confluence Entry
[AI] Provider: GROQ | Key: #2 | INVALID KEY → Next key
[AI] Provider: GROQ | Key: #ENV | INVALID KEY → Next key
[AI] Provider: GROQ | Semua key habis → Switch provider
[AI] ⚠️  Semua provider gagal — AI tidak tersedia, bot tetap berjalan normal.
[SCANNER] bias:BUY conf:10% | Sim:50% CAUTION → ⏭ SKIP (Trend tidak aligned (H4:BUY H1:NEUTRAL))
[EBOOK-ENGINE] Cooldown 86min | Sniper High Confluence Entry
[AI] Provider: GROQ | Key: #2 | INVALID KEY → Next key
[AI] Provider: GROQ | Key: #ENV | INVALID KEY → Next key
[AI] Provider: GROQ | Semua key habis → Switch provider
[AI] ⚠️  Semua provider gagal — AI tidak tersedia, bot tetap berjalan normal.
[SCANNER] bias:BUY conf:10% | Sim:50% CAUTION → ⏭ SKIP (Trend tidak aligned (H4:BUY H1:NEUTRAL))
[EBOOK-ENGINE] Cooldown 85min | Sniper High Confluence Entry
[AI] Provider: GROQ | Key: #2 | INVALID KEY → Next key
[AI] Provider: GROQ | Key: #ENV | INVALID KEY → Next key
[AI] Provider: GROQ | Semua key habis → Switch provider
[AI] ⚠️  Semua provider gagal — AI tidak tersedia, bot tetap berjalan normal.
[SCANNER] bias:BUY conf:10% | Sim:50% CAUTION → ⏭ SKIP (Trend tidak aligned (H4:BUY H1:NEUTRAL))
[EBOOK-ENGINE] Cooldown 85min | Sniper High Confluence Entry
[ENSEMBLE] Score: 33/100 (FAIL)
[AI] Provider: GROQ | Key: #2 | INVALID KEY → Next key
[AI] Provider: GROQ | Key: #ENV | INVALID KEY → Next key
[AI] Provider: GROQ | Semua key habis → Switch provider
[AI] ⚠️  Semua provider gagal — AI tidak tersedia, bot tetap berjalan normal.
[SCANNER] bias:STRONG_BUY conf:37% | Sim:56% AVOID | Ensemble:33/100 → ⏭ SKIP (M5 tidak valid: Harga 97.9 pips di atas EMA20 — tunggu pullback ke 4602.91)
[EBOOK-ENGINE] Cooldown 84min | Sniper High Confluence Entry
[ENSEMBLE] Score: 33/100 (FAIL)
[AI] Provider: GROQ | Key: #2 | INVALID KEY → Next key
[AI] Provider: GROQ | Key: #ENV | INVALID KEY → Next key
[AI] Provider: GROQ | Semua key habis → Switch provider
[AI] ⚠️  Semua provider gagal — AI tidak tersedia, bot tetap berjalan normal.
[SCANNER] bias:STRONG_BUY conf:37% | Sim:56% AVOID | Ensemble:33/100 → ⏭ SKIP (M5 tidak valid: Harga 97.9 pips di atas EMA20 — tunggu pullback ke 4602.91)
[EBOOK-ENGINE] Cooldown 84min | Sniper High Confluence Entry
[ENSEMBLE] Score: 33/100 (FAIL)
[AI] Provider: GROQ | Key: #2 | INVALID KEY → Next key
[AI] Provider: GROQ | Key: #ENV | INVALID KEY → Next key
[AI] Provider: GROQ | Semua key habis → Switch provider
[AI] ⚠️  Semua provider gagal — AI tidak tersedia, bot tetap berjalan normal.
[SCANNER] bias:STRONG_BUY conf:37% | Sim:56% AVOID | Ensemble:33/100 → ⏭ SKIP (M5 tidak valid: Harga 97.9 pips di atas EMA20 — tunggu pullback ke 4602.91)
[EBOOK-ENGINE] Cooldown 83min | Sniper High Confluence Entry
[ENSEMBLE] Score: 33/100 (FAIL)
[AI] Provider: GROQ | Key: #2 | INVALID KEY → Next key
[AI] Provider: GROQ | Key: #ENV | INVALID KEY → Next key
[AI] Provider: GROQ | Semua key habis → Switch provider
[AI] ⚠️  Semua provider gagal — AI tidak tersedia, bot tetap berjalan normal.
[SCANNER] bias:STRONG_BUY conf:37% | Sim:56% AVOID | Ensemble:33/100 → ⏭ SKIP (M5 tidak valid: Harga 97.9 pips di atas EMA20 — tunggu pullback ke 4602.91)
[EBOOK-ENGINE] Cooldown 83min | Sniper High Confluence Entry
[PRICE-TICK] fetchSpotPrice gagal: timeout of 10000ms exceeded
[PRICE-TICK] fetchSpotPrice gagal: timeout of 10000ms exceeded
[ENSEMBLE] Score: 33/100 (FAIL)
[AI] Provider: GROQ | Key: #2 | INVALID KEY → Next key
[AI] Provider: GROQ | Key: #ENV | INVALID KEY → Next key
[AI] Provider: GROQ | Semua key habis → Switch provider
[AI] ⚠️  Semua provider gagal — AI tidak tersedia, bot tetap berjalan normal.
[SCANNER] bias:STRONG_BUY conf:37% | Sim:56% AVOID | Ensemble:33/100 → ⏭ SKIP (M5 tidak valid: Harga 97.9 pips di atas EMA20 — tunggu pullback ke 4602.91)
[EBOOK-ENGINE] Cooldown 82min | Sniper High Confluence Entry
[PRICE-TICK] fetchSpotPrice gagal: timeout of 10000ms exceeded
[PRICE-TICK] fetchSpotPrice gagal: timeout of 10000ms exceeded
[PRICE-TICK] fetchSpotPrice gagal: timeout of 10000ms exceeded
[PRICE-TICK] fetchSpotPrice gagal: timeout of 10000ms exceeded
[ENSEMBLE] Score: 33/100 (FAIL)
[AI] Provider: GROQ | Key: #2 | INVALID KEY → Next key
[AI] Provider: GROQ | Key: #ENV | INVALID KEY → Next key
[AI] Provider: GROQ | Semua key habis → Switch provider
[AI] ⚠️  Semua provider gagal — AI tidak tersedia, bot tetap berjalan normal.
[SCANNER] bias:STRONG_BUY conf:37% | Sim:56% AVOID | Ensemble:33/100 → ⏭ SKIP (M5 tidak valid: Harga 97.9 pips di atas EMA20 — tunggu pullback ke 4602.91)
[EBOOK-ENGINE] Cooldown 82min | Sniper High Confluence Entry
[PRICE-TICK] fetchSpotPrice gagal: Request failed with status code 502
[ENSEMBLE] Score: 33/100 (FAIL)
[AI] Provider: GROQ | Key: #2 | INVALID KEY → Next key
[AI] Provider: GROQ | Key: #ENV | INVALID KEY → Next key
[AI] Provider: GROQ | Semua key habis → Switch provider
[AI] ⚠️  Semua provider gagal — AI tidak tersedia, bot tetap berjalan normal.
[SCANNER] bias:STRONG_BUY conf:37% | Sim:56% AVOID | Ensemble:33/100 → ⏭ SKIP (M5 tidak valid: Harga 97.9 pips di atas EMA20 — tunggu pullback ke 4602.91)
[EBOOK-ENGINE] Cooldown 81min | Sniper High Confluence Entry
[PRICE-TICK] fetchSpotPrice gagal: Request failed with status code 502
[ENSEMBLE] Score: 48/100 (FAIL)
[AI] Provider: GROQ | Key: #2 | INVALID KEY → Next key
[AI] Provider: GROQ | Key: #ENV | INVALID KEY → Next key
[AI] Provider: GROQ | Semua key habis → Switch provider
[AI] ⚠️  Semua provider gagal — AI tidak tersedia, bot tetap berjalan normal.
[SCANNER] bias:STRONG_BUY conf:37% | Sim:56% AVOID | Ensemble:48/100 → ⏭ SKIP (M5 tidak valid: Harga 96.7 pips di atas EMA20 — tunggu pullback ke 4603.72)
[EBOOK-ENGINE] Cooldown 81min | Sniper High Confluence Entry
[ENSEMBLE] Score: 48/100 (FAIL)
[AI] Provider: GROQ | Key: #2 | INVALID KEY → Next key
[AI] Provider: GROQ | Key: #ENV | INVALID KEY → Next key
[AI] Provider: GROQ | Semua key habis → Switch provider
[AI] ⚠️  Semua provider gagal — AI tidak tersedia, bot tetap berjalan normal.
[SCANNER] bias:STRONG_BUY conf:37% | Sim:56% AVOID | Ensemble:48/100 → ⏭ SKIP (M5 tidak valid: Harga 96.7 pips di atas EMA20 — tunggu pullback ke 4603.72)
[EBOOK-ENGINE] Cooldown 80min | Sniper High Confluence Entry
[ENSEMBLE] Score: 48/100 (FAIL)
[AI] Provider: GROQ | Key: #2 | INVALID KEY → Next key
[AI] Provider: GROQ | Key: #ENV | INVALID KEY → Next key
[AI] Provider: GROQ | Semua key habis → Switch provider
[AI] ⚠️  Semua provider gagal — AI tidak tersedia, bot tetap berjalan normal.
[SCANNER] bias:STRONG_BUY conf:37% | Sim:56% AVOID | Ensemble:48/100 → ⏭ SKIP (M5 tidak valid: Harga 96.7 pips di atas EMA20 — tunggu pullback ke 4603.72)
[EBOOK-ENGINE] Cooldown 80min | Sniper High Confluence Entry
[ENSEMBLE] Score: 48/100 (FAIL)
[NEWS] Investing.com Commodities: 8 items, 3 relevant
[NEWS] Yahoo Finance Gold: 8 items, 4 relevant
[NEWS] MarketWatch FX: 8 items, 0 relevant
[AI] Provider: GROQ | Key: #2 | INVALID KEY → Next key
[AI] Provider: GROQ | Key: #ENV | INVALID KEY → Next key
[AI] Provider: GROQ | Semua key habis → Switch provider
[AI] ⚠️  Semua provider gagal — AI tidak tersedia, bot tetap berjalan normal.
[SCANNER] bias:STRONG_BUY conf:37% | Sim:56% AVOID | Ensemble:48/100 → ⏭ SKIP (M5 tidak valid: Harga 96.7 pips di atas EMA20 — tunggu pullback ke 4603.72)
[EBOOK-ENGINE] Cooldown 79min | Sniper High Confluence Entry
[ENSEMBLE] Score: 48/100 (FAIL)
[AI] Provider: GROQ | Key: #2 | INVALID KEY → Next key
[AI] Provider: GROQ | Key: #ENV | INVALID KEY → Next key
[AI] Provider: GROQ | Semua key habis → Switch provider
[AI] ⚠️  Semua provider gagal — AI tidak tersedia, bot tetap berjalan normal.
[SCANNER] bias:STRONG_BUY conf:37% | Sim:56% AVOID | Ensemble:48/100 → ⏭ SKIP (M5 tidak valid: Harga 96.7 pips di atas EMA20 — tunggu pullback ke 4603.72)
[EBOOK-ENGINE] Cooldown 79min | Sniper High Confluence Entry
[ENSEMBLE] Score: 48/100 (FAIL)
[AI] Provider: GROQ | Key: #2 | INVALID KEY → Next key
[AI] Provider: GROQ | Key: #ENV | INVALID KEY → Next key
[AI] Provider: GROQ | Semua key habis → Switch provider
[AI] ⚠️  Semua provider gagal — AI tidak tersedia, bot tetap berjalan normal.
[SCANNER] bias:STRONG_BUY conf:37% | Sim:56% AVOID | Ensemble:48/100 → ⏭ SKIP (M5 tidak valid: Harga 96.7 pips di atas EMA20 — tunggu pullback ke 4603.72)
[EBOOK-ENGINE] Cooldown 78min | Sniper High Confluence Entry
[ENSEMBLE] Score: 48/100 (FAIL)
[AI] Provider: GROQ | Key: #2 | INVALID KEY → Next key
[AI] Provider: GROQ | Key: #ENV | INVALID KEY → Next key
[AI] Provider: GROQ | Semua key habis → Switch provider
[AI] ⚠️  Semua provider gagal — AI tidak tersedia, bot tetap berjalan normal.
[SCANNER] bias:STRONG_BUY conf:37% | Sim:56% AVOID | Ensemble:48/100 → ⏭ SKIP (M5 tidak valid: Harga 96.7 pips di atas EMA20 — tunggu pullback ke 4603.72)
[EBOOK-ENGINE] Cooldown 78min | Sniper High Confluence Entry
[ENSEMBLE] Score: 48/100 (FAIL)
[AI] Provider: GROQ | Key: #2 | INVALID KEY → Next key
[AI] Provider: GROQ | Key: #ENV | INVALID KEY → Next key
[AI] Provider: GROQ | Semua key habis → Switch provider
[AI] ⚠️  Semua provider gagal — AI tidak tersedia, bot tetap berjalan normal.
[SCANNER] bias:STRONG_BUY conf:37% | Sim:56% AVOID | Ensemble:48/100 → ⏭ SKIP (M5 tidak valid: Harga 96.7 pips di atas EMA20 — tunggu pullback ke 4603.72)
[EBOOK-ENGINE] Cooldown 77min | Sniper High Confluence Entry
[ENSEMBLE] Score: 48/100 (FAIL)
[AI] Provider: GROQ | Key: #2 | INVALID KEY → Next key
[AI] Provider: GROQ | Key: #ENV | INVALID KEY → Next key
[AI] Provider: GROQ | Semua key habis → Switch provider
[AI] ⚠️  Semua provider gagal — AI tidak tersedia, bot tetap berjalan normal.
[SCANNER] bias:STRONG_BUY conf:37% | Sim:56% AVOID | Ensemble:48/100 → ⏭ SKIP (M5 tidak valid: Harga 96.7 pips di atas EMA20 — tunggu pullback ke 4603.72)
[EBOOK-ENGINE] Cooldown 77min | Sniper High Confluence Entry
[ENSEMBLE] Score: 48/100 (FAIL)
[AI] Provider: GROQ | Key: #2 | INVALID KEY → Next key
[AI] Provider: GROQ | Key: #ENV | INVALID KEY → Next key
[AI] Provider: GROQ | Semua key habis → Switch provider
[AI] ⚠️  Semua provider gagal — AI tidak tersedia, bot tetap berjalan normal.
[SCANNER] bias:STRONG_BUY conf:37% | Sim:56% AVOID | Ensemble:48/100 → ⏭ SKIP (M5 tidak valid: Harga 83.4 pips di atas EMA20 — tunggu pullback ke 4604.58)
[ENSEMBLE] Score: 48/100 (FAIL)
[AI] Provider: GROQ | Key: #2 | INVALID KEY → Next key
[AI] Provider: GROQ | Key: #ENV | INVALID KEY → Next key
[AI] Provider: GROQ | Semua key habis → Switch provider
[AI] ⚠️  Semua provider gagal — AI tidak tersedia, bot tetap berjalan normal.
[SCANNER] bias:STRONG_BUY conf:37% | Sim:56% AVOID | Ensemble:48/100 → ⏭ SKIP (M5 tidak valid: Harga 83.4 pips di atas EMA20 — tunggu pullback ke 4604.58)
[ENSEMBLE] Score: 48/100 (FAIL)
[AI] Provider: GROQ | Key: #2 | INVALID KEY → Next key
[AI] Provider: GROQ | Key: #ENV | INVALID KEY → Next key
[AI] Provider: GROQ | Semua key habis → Switch provider
[AI] ⚠️  Semua provider gagal — AI tidak tersedia, bot tetap berjalan normal.
[SCANNER] bias:STRONG_BUY conf:37% | Sim:56% AVOID | Ensemble:48/100 → ⏭ SKIP (M5 tidak valid: Harga 83.4 pips di atas EMA20 — tunggu pullback ke 4604.58)
[ENSEMBLE] Score: 48/100 (FAIL)
[AI] Provider: GROQ | Key: #2 | INVALID KEY → Next key
[AI] Provider: GROQ | Key: #ENV | INVALID KEY → Next key
[AI] Provider: GROQ | Semua key habis → Switch provider
[AI] ⚠️  Semua provider gagal — AI tidak tersedia, bot tetap berjalan normal.
[SCANNER] bias:STRONG_BUY conf:37% | Sim:56% AVOID | Ensemble:48/100 → ⏭ SKIP (M5 tidak valid: Harga 83.4 pips di atas EMA20 — tunggu pullback ke 4604.58)
[ENSEMBLE] Score: 48/100 (FAIL)
[AI] Provider: GROQ | Key: #2 | INVALID KEY → Next key
[AI] Provider: GROQ | Key: #ENV | INVALID KEY → Next key
[AI] Provider: GROQ | Semua key habis → Switch provider
[AI] ⚠️  Semua provider gagal — AI tidak tersedia, bot tetap berjalan normal.
[SCANNER] bias:STRONG_BUY conf:37% | Sim:56% AVOID | Ensemble:48/100 → ⏭ SKIP (M5 tidak valid: Harga 83.4 pips di atas EMA20 — tunggu pullback ke 4604.58)
[ENSEMBLE] Score: 48/100 (FAIL)
[AI] Provider: GROQ | Key: #2 | INVALID KEY → Next key
[AI] Provider: GROQ | Key: #ENV | INVALID KEY → Next key
[AI] Provider: GROQ | Semua key habis → Switch provider
[AI] ⚠️  Semua provider gagal — AI tidak tersedia, bot tetap berjalan normal.
[SCANNER] bias:STRONG_BUY conf:37% | Sim:56% AVOID | Ensemble:48/100 → ⏭ SKIP (M5 tidak valid: Harga 83.4 pips di atas EMA20 — tunggu pullback ke 4604.58)
[ENSEMBLE] Score: 48/100 (FAIL)
[AI] Provider: GROQ | Key: #2 | INVALID KEY → Next key
[AI] Provider: GROQ | Key: #ENV | INVALID KEY → Next key
[AI] Provider: GROQ | Semua key habis → Switch provider
[AI] ⚠️  Semua provider gagal — AI tidak tersedia, bot tetap berjalan normal.
[SCANNER] bias:STRONG_BUY conf:37% | Sim:56% AVOID | Ensemble:48/100 → ⏭ SKIP (M5 tidak valid: Harga 83.4 pips di atas EMA20 — tunggu pullback ke 4604.58)
[ENSEMBLE] Score: 48/100 (FAIL)
[AI] Provider: GROQ | Key: #2 | INVALID KEY → Next key
[AI] Provider: GROQ | Key: #ENV | INVALID KEY → Next key
[AI] Provider: GROQ | Semua key habis → Switch provider
[AI] ⚠️  Semua provider gagal — AI tidak tersedia, bot tetap berjalan normal.
[SCANNER] bias:STRONG_BUY conf:37% | Sim:56% AVOID | Ensemble:48/100 → ⏭ SKIP (M5 tidak valid: Harga 83.4 pips di atas EMA20 — tunggu pullback ke 4604.58)
[ENSEMBLE] Score: 48/100 (FAIL)
[AI] Provider: GROQ | Key: #2 | INVALID KEY → Next key
[AI] Provider: GROQ | Key: #ENV | INVALID KEY → Next key
[AI] Provider: GROQ | Semua key habis → Switch provider
[AI] ⚠️  Semua provider gagal — AI tidak tersedia, bot tetap berjalan normal.
[SCANNER] bias:STRONG_BUY conf:37% | Sim:56% AVOID | Ensemble:48/100 → ⏭ SKIP (M5 tidak valid: Harga 83.4 pips di atas EMA20 — tunggu pullback ke 4604.58)
[EBOOK-ENGINE] Cooldown 72min | Sniper High Confluence Entry
[ENSEMBLE] Score: 24/100 (FAIL)
[AI] Provider: GROQ | Key: #2 | INVALID KEY → Next key
[AI] Provider: GROQ | Key: #ENV | INVALID KEY → Next key
[AI] Provider: GROQ | Semua key habis → Switch provider
[AI] ⚠️  Semua provider gagal — AI tidak tersedia, bot tetap berjalan normal.
[SCANNER] bias:STRONG_BUY conf:37% | Sim:61% NEUTRAL | Ensemble:24/100 → ⏭ SKIP (M5 tidak valid: Harga 69.0 pips di atas EMA20 — tunggu pullback ke 4605.09)
[EBOOK-ENGINE] Cooldown 72min | Sniper High Confluence Entry
[ENSEMBLE] Score: 24/100 (FAIL)
[AI] Provider: GROQ | Key: #2 | INVALID KEY → Next key
[AI] Provider: GROQ | Key: #ENV | INVALID KEY → Next key
[AI] Provider: GROQ | Semua key habis → Switch provider
[AI] ⚠️  Semua provider gagal — AI tidak tersedia, bot tetap berjalan normal.
[SCANNER] bias:STRONG_BUY conf:37% | Sim:61% NEUTRAL | Ensemble:24/100 → ⏭ SKIP (M5 tidak valid: Harga 69.0 pips di atas EMA20 — tunggu pullback ke 4605.09)
[EBOOK-ENGINE] Cooldown 71min | Sniper High Confluence Entry
[ENSEMBLE] Score: 24/100 (FAIL)
[AI] Provider: GROQ | Key: #2 | INVALID KEY → Next key
[AI] Provider: GROQ | Key: #ENV | INVALID KEY → Next key
[AI] Provider: GROQ | Semua key habis → Switch provider
[AI] ⚠️  Semua provider gagal — AI tidak tersedia, bot tetap berjalan normal.
[SCANNER] bias:STRONG_BUY conf:37% | Sim:61% NEUTRAL | Ensemble:24/100 → ⏭ SKIP (M5 tidak valid: Harga 69.0 pips di atas EMA20 — tunggu pullback ke 4605.09)
[EBOOK-ENGINE] Cooldown 71min | Sniper High Confluence Entry
[ENSEMBLE] Score: 24/100 (FAIL)
[AI] Provider: GROQ | Key: #2 | INVALID KEY → Next key
[AI] Provider: GROQ | Key: #ENV | INVALID KEY → Next key
[AI] Provider: GROQ | Semua key habis → Switch provider
[AI] ⚠️  Semua provider gagal — AI tidak tersedia, bot tetap berjalan normal.
[SCANNER] bias:STRONG_BUY conf:37% | Sim:61% NEUTRAL | Ensemble:24/100 → ⏭ SKIP (M5 tidak valid: Harga 69.0 pips di atas EMA20 — tunggu pullback ke 4605.09)
[EBOOK-ENGINE] Cooldown 70min | Sniper High Confluence Entry
[ENSEMBLE] Score: 24/100 (FAIL)
[AI] Provider: GROQ | Key: #2 | INVALID KEY → Next key
[AI] Provider: GROQ | Key: #ENV | INVALID KEY → Next key
[AI] Provider: GROQ | Semua key habis → Switch provider
[AI] ⚠️  Semua provider gagal — AI tidak tersedia, bot tetap berjalan normal.
[SCANNER] bias:STRONG_BUY conf:37% | Sim:61% NEUTRAL | Ensemble:24/100 → ⏭ SKIP (M5 tidak valid: Harga 69.0 pips di atas EMA20 — tunggu pullback ke 4605.09)
[EBOOK-ENGINE] Cooldown 70min | Sniper High Confluence Entry
[ENSEMBLE] Score: 24/100 (FAIL)
[AI] Provider: GROQ | Key: #2 | INVALID KEY → Next key
[AI] Provider: GROQ | Key: #ENV | INVALID KEY → Next key
[AI] Provider: GROQ | Semua key habis → Switch provider
[AI] ⚠️  Semua provider gagal — AI tidak tersedia, bot tetap berjalan normal.
[SCANNER] bias:STRONG_BUY conf:37% | Sim:61% NEUTRAL | Ensemble:24/100 → ⏭ SKIP (M5 tidak valid: Harga 69.0 pips di atas EMA20 — tunggu pullback ke 4605.09)
[EBOOK-ENGINE] Cooldown 69min | Sniper High Confluence Entry
[ENSEMBLE] Score: 24/100 (FAIL)
[AI] Provider: GROQ | Key: #2 | INVALID KEY → Next key
[AI] Provider: GROQ | Key: #ENV | INVALID KEY → Next key
[AI] Provider: GROQ | Semua key habis → Switch provider
[AI] ⚠️  Semua provider gagal — AI tidak tersedia, bot tetap berjalan normal.
[SCANNER] bias:STRONG_BUY conf:37% | Sim:61% NEUTRAL | Ensemble:24/100 → ⏭ SKIP (M5 tidak valid: Harga 69.0 pips di atas EMA20 — tunggu pullback ke 4605.09)
[EBOOK-ENGINE] Cooldown 69min | Sniper High Confluence Entry
[ENSEMBLE] Score: 24/100 (FAIL)
[AI] Provider: GROQ | Key: #2 | INVALID KEY → Next key
[AI] Provider: GROQ | Key: #ENV | INVALID KEY → Next key
[AI] Provider: GROQ | Semua key habis → Switch provider
[AI] ⚠️  Semua provider gagal — AI tidak tersedia, bot tetap berjalan normal.
[SCANNER] bias:STRONG_BUY conf:37% | Sim:61% NEUTRAL | Ensemble:24/100 → ⏭ SKIP (M5 tidak valid: Harga 69.0 pips di atas EMA20 — tunggu pullback ke 4605.09)
[EBOOK-ENGINE] Cooldown 68min | Sniper High Confluence Entry
[ENSEMBLE] Score: 24/100 (FAIL)
[AI] Provider: GROQ | Key: #2 | INVALID KEY → Next key
[AI] Provider: GROQ | Key: #ENV | INVALID KEY → Next key
[AI] Provider: GROQ | Semua key habis → Switch provider
[AI] ⚠️  Semua provider gagal — AI tidak tersedia, bot tetap berjalan normal.
[SCANNER] bias:STRONG_BUY conf:37% | Sim:61% NEUTRAL | Ensemble:24/100 → ⏭ SKIP (M5 tidak valid: Harga 70.3 pips di atas EMA20 — tunggu pullback ke 4605.10)
[EBOOK-ENGINE] Cooldown 68min | Sniper High Confluence Entry
[ENSEMBLE] Score: 24/100 (FAIL)
[AI] Provider: GROQ | Key: #2 | INVALID KEY → Next key
[AI] Provider: GROQ | Key: #ENV | INVALID KEY → Next key
[AI] Provider: GROQ | Semua key habis → Switch provider
[AI] ⚠️  Semua provider gagal — AI tidak tersedia, bot tetap berjalan normal.
[SCANNER] bias:STRONG_BUY conf:37% | Sim:61% NEUTRAL | Ensemble:24/100 → ⏭ SKIP (M5 tidak valid: Harga 70.3 pips di atas EMA20 — tunggu pullback ke 4605.10)
[EBOOK-ENGINE] Cooldown 67min | Sniper High Confluence Entry
[ENSEMBLE] Score: 24/100 (FAIL)
[AI] Provider: GROQ | Key: #2 | INVALID KEY → Next key
[AI] Provider: GROQ | Key: #ENV | INVALID KEY → Next key
[AI] Provider: GROQ | Semua key habis → Switch provider
[AI] ⚠️  Semua provider gagal — AI tidak tersedia, bot tetap berjalan normal.
[SCANNER] bias:STRONG_BUY conf:37% | Sim:61% NEUTRAL | Ensemble:24/100 → ⏭ SKIP (M5 tidak valid: Harga 70.3 pips di atas EMA20 — tunggu pullback ke 4605.10)
[EBOOK-ENGINE] Cooldown 67min | Sniper High Confluence Entry
[ENSEMBLE] Score: 24/100 (FAIL)
[AI] Provider: GROQ | Key: #2 | INVALID KEY → Next key
[AI] Provider: GROQ | Key: #ENV | INVALID KEY → Next key
[AI] Provider: GROQ | Semua key habis → Switch provider
[AI] ⚠️  Semua provider gagal — AI tidak tersedia, bot tetap berjalan normal.
[SCANNER] bias:STRONG_BUY conf:37% | Sim:61% NEUTRAL | Ensemble:24/100 → ⏭ SKIP (M5 tidak valid: Harga 70.3 pips di atas EMA20 — tunggu pullback ke 4605.10)
[EBOOK-ENGINE] Cooldown 66min | Sniper High Confluence Entry
[ENSEMBLE] Score: 24/100 (FAIL)
[AI] Provider: GROQ | Key: #2 | INVALID KEY → Next key
[AI] Provider: GROQ | Key: #ENV | INVALID KEY → Next key
[AI] Provider: GROQ | Semua key habis → Switch provider
[AI] ⚠️  Semua provider gagal — AI tidak tersedia, bot tetap berjalan normal.
[SCANNER] bias:STRONG_BUY conf:37% | Sim:61% NEUTRAL | Ensemble:24/100 → ⏭ SKIP (M5 tidak valid: Harga 70.3 pips di atas EMA20 — tunggu pullback ke 4605.10)
[EBOOK-ENGINE] Cooldown 66min | Sniper High Confluence Entry
[ENSEMBLE] Score: 24/100 (FAIL)
[AI] Provider: GROQ | Key: #2 | INVALID KEY → Next key
[AI] Provider: GROQ | Key: #ENV | INVALID KEY → Next key
[AI] Provider: GROQ | Semua key habis → Switch provider
[AI] ⚠️  Semua provider gagal — AI tidak tersedia, bot tetap berjalan normal.
[SCANNER] bias:STRONG_BUY conf:37% | Sim:61% NEUTRAL | Ensemble:24/100 → ⏭ SKIP (M5 tidak valid: Harga 70.3 pips di atas EMA20 — tunggu pullback ke 4605.10)
[EBOOK-ENGINE] Cooldown 65min | Sniper High Confluence Entry
[AI] Provider: GROQ | Key: #2 | INVALID KEY → Next key
[AI] Provider: GROQ | Key: #ENV | INVALID KEY → Next key
[AI] Provider: GROQ | Semua key habis → Switch provider
[AI] ⚠️  Semua provider gagal — AI tidak tersedia, bot tetap berjalan normal.
[TRADE-SCANNER] ⚡ Auto-scan SHORT dibuat — BUY @ 4602.31-4608.71 (conf 58%)
[ENSEMBLE] Score: 24/100 (FAIL)
[AI] Provider: GROQ | Key: #2 | INVALID KEY → Next key
[AI] Provider: GROQ | Key: #ENV | INVALID KEY → Next key
[AI] Provider: GROQ | Semua key habis → Switch provider
[AI] ⚠️  Semua provider gagal — AI tidak tersedia, bot tetap berjalan normal.
[SCANNER] bias:STRONG_BUY conf:37% | Sim:61% NEUTRAL | Ensemble:24/100 → ⏭ SKIP (M5 tidak valid: Harga 70.3 pips di atas EMA20 — tunggu pullback ke 4605.10)
[EBOOK-ENGINE] Cooldown 65min | Sniper High Confluence Entry
[ENSEMBLE] Score: 24/100 (FAIL)
[NEWS] Investing.com Commodities: 8 items, 3 relevant
[NEWS] MarketWatch FX: 8 items, 0 relevant
[NEWS] Yahoo Finance Gold: 8 items, 4 relevant
[AI] Provider: GROQ | Key: #2 | INVALID KEY → Next key
[AI] Provider: GROQ | Key: #ENV | INVALID KEY → Next key
[AI] Provider: GROQ | Semua key habis → Switch provider
[AI] ⚠️  Semua provider gagal — AI tidak tersedia, bot tetap berjalan normal.
[SCANNER] bias:STRONG_BUY conf:37% | Sim:61% NEUTRAL | Ensemble:24/100 → ⏭ SKIP (M5 tidak valid: Harga 70.3 pips di atas EMA20 — tunggu pullback ke 4605.10)
[EBOOK-ENGINE] Cooldown 64min | Sniper High Confluence Entry
[ENSEMBLE] Score: 24/100 (FAIL)
[AI] Provider: GROQ | Key: #2 | INVALID KEY → Next key
[AI] Provider: GROQ | Key: #ENV | INVALID KEY → Next key
[AI] Provider: GROQ | Semua key habis → Switch provider
[AI] ⚠️  Semua provider gagal — AI tidak tersedia, bot tetap berjalan normal.
[SCANNER] bias:STRONG_BUY conf:37% | Sim:61% NEUTRAL | Ensemble:24/100 → ⏭ SKIP (M5 tidak valid: Harga 70.3 pips di atas EMA20 — tunggu pullback ke 4605.10)
[EBOOK-ENGINE] Cooldown 64min | Sniper High Confluence Entry
[AI] Provider: GROQ | Key: #2 | INVALID KEY → Next key
[AI] Provider: GROQ | Key: #ENV | INVALID KEY → Next key
[AI] Provider: GROQ | Semua key habis → Switch provider
[AI] ⚠️  Semua provider gagal — AI tidak tersedia, bot tetap berjalan normal.
[SCANNER] bias:BUY conf:10% | Sim:53% CAUTION → ⏭ SKIP (Trend tidak aligned (H4:BUY H1:NEUTRAL))
[EBOOK-ENGINE] Cooldown 63min | Round Number Rejection
[AI] Provider: GROQ | Key: #2 | INVALID KEY → Next key
[AI] Provider: GROQ | Key: #ENV | INVALID KEY → Next key
[AI] Provider: GROQ | Semua key habis → Switch provider
[AI] ⚠️  Semua provider gagal — AI tidak tersedia, bot tetap berjalan normal.
[SCANNER] bias:BUY conf:10% | Sim:53% CAUTION → ⏭ SKIP (Trend tidak aligned (H4:BUY H1:NEUTRAL))
[EBOOK-ENGINE] Cooldown 63min | Round Number Rejection
[AI] Provider: GROQ | Key: #2 | INVALID KEY → Next key
[AI] Provider: GROQ | Key: #ENV | INVALID KEY → Next key
[AI] Provider: GROQ | Semua key habis → Switch provider
[AI] ⚠️  Semua provider gagal — AI tidak tersedia, bot tetap berjalan normal.
[SCANNER] bias:BUY conf:10% | Sim:53% CAUTION → ⏭ SKIP (Trend tidak aligned (H4:BUY H1:NEUTRAL))
[EBOOK-ENGINE] Cooldown 62min | Round Number Rejection
[AI] Provider: GROQ | Key: #2 | INVALID KEY → Next key
[AI] Provider: GROQ | Key: #ENV | INVALID KEY → Next key
[AI] Provider: GROQ | Semua key habis → Switch provider
[AI] ⚠️  Semua provider gagal — AI tidak tersedia, bot tetap berjalan normal.
[SCANNER] bias:BUY conf:10% | Sim:53% CAUTION → ⏭ SKIP (Trend tidak aligned (H4:BUY H1:NEUTRAL))
[EBOOK-ENGINE] Cooldown 62min | Round Number Rejection
[AI] Provider: GROQ | Key: #2 | INVALID KEY → Next key
[AI] Provider: GROQ | Key: #ENV | INVALID KEY → Next key
[AI] Provider: GROQ | Semua key habis → Switch provider
[AI] ⚠️  Semua provider gagal — AI tidak tersedia, bot tetap berjalan normal.
[SCANNER] bias:BUY conf:10% | Sim:53% CAUTION → ⏭ SKIP (Trend tidak aligned (H4:BUY H1:NEUTRAL))
[EBOOK-ENGINE] Cooldown 61min | Round Number Rejection
[AI] Provider: GROQ | Key: #2 | INVALID KEY → Next key
[AI] Provider: GROQ | Key: #ENV | INVALID KEY → Next key
[AI] Provider: GROQ | Semua key habis → Switch provider
[AI] ⚠️  Semua provider gagal — AI tidak tersedia, bot tetap berjalan normal.
[SCANNER] bias:BUY conf:10% | Sim:53% CAUTION → ⏭ SKIP (Trend tidak aligned (H4:BUY H1:NEUTRAL))
[EBOOK-ENGINE] Cooldown 61min | Round Number Rejection
[AI] Provider: GROQ | Key: #2 | INVALID KEY → Next key
[AI] Provider: GROQ | Key: #ENV | INVALID KEY → Next key
[AI] Provider: GROQ | Semua key habis → Switch provider
[AI] ⚠️  Semua provider gagal — AI tidak tersedia, bot tetap berjalan normal.
[SCANNER] bias:BUY conf:10% | Sim:53% CAUTION → ⏭ SKIP (Trend tidak aligned (H4:BUY H1:NEUTRAL))
[EBOOK-ENGINE] Cooldown 60min | Round Number Rejection
[AI] Provider: GROQ | Key: #2 | INVALID KEY → Next key
[AI] Provider: GROQ | Key: #ENV | INVALID KEY → Next key
[AI] Provider: GROQ | Semua key habis → Switch provider
[AI] ⚠️  Semua provider gagal — AI tidak tersedia, bot tetap berjalan normal.
[SCANNER] bias:BUY conf:10% | Sim:53% CAUTION → ⏭ SKIP (Trend tidak aligned (H4:BUY H1:NEUTRAL))
[EBOOK-ENGINE] Cooldown 60min | Round Number Rejection
[AI] Provider: GROQ | Key: #2 | INVALID KEY → Next key
[AI] Provider: GROQ | Key: #ENV | INVALID KEY → Next key
[AI] Provider: GROQ | Semua key habis → Switch provider
[AI] ⚠️  Semua provider gagal — AI tidak tersedia, bot tetap berjalan normal.
[SCANNER] bias:BUY conf:10% | Sim:53% CAUTION → ⏭ SKIP (Trend tidak aligned (H4:BUY H1:NEUTRAL))
[AI] Provider: GROQ | Key: #2 | INVALID KEY → Next key
[AI] Provider: GROQ | Key: #ENV | INVALID KEY → Next key
[AI] Provider: GROQ | Semua key habis → Switch provider
[AI] ⚠️  Semua provider gagal — AI tidak tersedia, bot tetap berjalan normal.
[SCANNER] bias:BUY conf:10% | Sim:54% CAUTION → ⏭ SKIP (Trend tidak aligned (H4:BUY H1:NEUTRAL))
[AI] Provider: GROQ | Key: #2 | INVALID KEY → Next key
[AI] Provider: GROQ | Key: #ENV | INVALID KEY → Next key
[AI] Provider: GROQ | Semua key habis → Switch provider
[AI] ⚠️  Semua provider gagal — AI tidak tersedia, bot tetap berjalan normal.
[SCANNER] bias:BUY conf:10% | Sim:54% CAUTION → ⏭ SKIP (Trend tidak aligned (H4:BUY H1:NEUTRAL))
[AI] Provider: GROQ | Key: #2 | INVALID KEY → Next key
[AI] Provider: GROQ | Key: #ENV | INVALID KEY → Next key
[AI] Provider: GROQ | Semua key habis → Switch provider
[AI] ⚠️  Semua provider gagal — AI tidak tersedia, bot tetap berjalan normal.
[SCANNER] bias:BUY conf:10% | Sim:54% CAUTION → ⏭ SKIP (Trend tidak aligned (H4:BUY H1:NEUTRAL))
[AI] Provider: GROQ | Key: #2 | INVALID KEY → Next key
[AI] Provider: GROQ | Key: #ENV | INVALID KEY → Next key
[AI] Provider: GROQ | Semua key habis → Switch provider
[AI] ⚠️  Semua provider gagal — AI tidak tersedia, bot tetap berjalan normal.
[SCANNER] bias:BUY conf:10% | Sim:54% CAUTION → ⏭ SKIP (Trend tidak aligned (H4:BUY H1:NEUTRAL))
[AI] Provider: GROQ | Key: #2 | INVALID KEY → Next key
[AI] Provider: GROQ | Key: #ENV | INVALID KEY → Next key
[AI] Provider: GROQ | Semua key habis → Switch provider
[AI] ⚠️  Semua provider gagal — AI tidak tersedia, bot tetap berjalan normal.
[SCANNER] bias:BUY conf:10% | Sim:54% CAUTION → ⏭ SKIP (Trend tidak aligned (H4:BUY H1:NEUTRAL))
[AI] Provider: GROQ | Key: #2 | INVALID KEY → Next key
[AI] Provider: GROQ | Key: #ENV | INVALID KEY → Next key
[AI] Provider: GROQ | Semua key habis → Switch provider
[AI] ⚠️  Semua provider gagal — AI tidak tersedia, bot tetap berjalan normal.
[SCANNER] bias:BUY conf:10% | Sim:54% CAUTION → ⏭ SKIP (Trend tidak aligned (H4:BUY H1:NEUTRAL))
[AI] Provider: GROQ | Key: #2 | INVALID KEY → Next key
[AI] Provider: GROQ | Key: #ENV | INVALID KEY → Next key
[AI] Provider: GROQ | Semua key habis → Switch provider
[AI] ⚠️  Semua provider gagal — AI tidak tersedia, bot tetap berjalan normal.
[SCANNER] bias:BUY conf:10% | Sim:54% CAUTION → ⏭ SKIP (Trend tidak aligned (H4:BUY H1:NEUTRAL))
[AI] Provider: GROQ | Key: #2 | INVALID KEY → Next key
[AI] Provider: GROQ | Key: #ENV | INVALID KEY → Next key
[AI] Provider: GROQ | Semua key habis → Switch provider
[AI] ⚠️  Semua provider gagal — AI tidak tersedia, bot tetap berjalan normal.
[SCANNER] bias:BUY conf:10% | Sim:54% CAUTION → ⏭ SKIP (Trend tidak aligned (H4:BUY H1:NEUTRAL))
[AI] Provider: GROQ | Key: #2 | INVALID KEY → Next key
[AI] Provider: GROQ | Key: #ENV | INVALID KEY → Next key
[AI] Provider: GROQ | Semua key habis → Switch provider
[AI] ⚠️  Semua provider gagal — AI tidak tersedia, bot tetap berjalan normal.
[SCANNER] bias:BUY conf:10% | Sim:53% NEUTRAL → ⏭ SKIP (Trend tidak aligned (H4:BUY H1:NEUTRAL))
[EBOOK-ENGINE] Cooldown 55min | Sniper High Confluence Entry
[AI] Provider: GROQ | Key: #2 | INVALID KEY → Next key
[AI] Provider: GROQ | Key: #ENV | INVALID KEY → Next key
[AI] Provider: GROQ | Semua key habis → Switch provider
[AI] ⚠️  Semua provider gagal — AI tidak tersedia, bot tetap berjalan normal.
[SCANNER] bias:BUY conf:10% | Sim:53% NEUTRAL → ⏭ SKIP (Trend tidak aligned (H4:BUY H1:NEUTRAL))
[EBOOK-ENGINE] Cooldown 54min | Sniper High Confluence Entry
[AI] Provider: GROQ | Key: #2 | INVALID KEY → Next key
[AI] Provider: GROQ | Key: #ENV | INVALID KEY → Next key
[AI] Provider: GROQ | Semua key habis → Switch provider
[AI] ⚠️  Semua provider gagal — AI tidak tersedia, bot tetap berjalan normal.
[SCANNER] bias:BUY conf:10% | Sim:53% NEUTRAL → ⏭ SKIP (Trend tidak aligned (H4:BUY H1:NEUTRAL))
[EBOOK-ENGINE] Cooldown 54min | Sniper High Confluence Entry
[AI] Provider: GROQ | Key: #2 | INVALID KEY → Next key
[AI] Provider: GROQ | Key: #ENV | INVALID KEY → Next key
[AI] Provider: GROQ | Semua key habis → Switch provider
[AI] ⚠️  Semua provider gagal — AI tidak tersedia, bot tetap berjalan normal.
[SCANNER] bias:BUY conf:10% | Sim:53% NEUTRAL → ⏭ SKIP (Trend tidak aligned (H4:BUY H1:NEUTRAL))
[EBOOK-ENGINE] Cooldown 53min | Sniper High Confluence Entry
[AI] Provider: GROQ | Key: #2 | INVALID KEY → Next key
[AI] Provider: GROQ | Key: #ENV | INVALID KEY → Next key
[AI] Provider: GROQ | Semua key habis → Switch provider
[AI] ⚠️  Semua provider gagal — AI tidak tersedia, bot tetap berjalan normal.
[SCANNER] bias:BUY conf:10% | Sim:53% NEUTRAL → ⏭ SKIP (Trend tidak aligned (H4:BUY H1:NEUTRAL))
[EBOOK-ENGINE] Cooldown 53min | Sniper High Confluence Entry
[AI] Provider: GROQ | Key: #2 | INVALID KEY → Next key
[AI] Provider: GROQ | Key: #ENV | INVALID KEY → Next key
[AI] Provider: GROQ | Semua key habis → Switch provider
[AI] ⚠️  Semua provider gagal — AI tidak tersedia, bot tetap berjalan normal.
[SCANNER] bias:BUY conf:10% | Sim:53% NEUTRAL → ⏭ SKIP (Trend tidak aligned (H4:BUY H1:NEUTRAL))
[EBOOK-ENGINE] Cooldown 52min | Sniper High Confluence Entry
[AI] Provider: GROQ | Key: #2 | INVALID KEY → Next key
[AI] Provider: GROQ | Key: #ENV | INVALID KEY → Next key
[AI] Provider: GROQ | Semua key habis → Switch provider
[AI] ⚠️  Semua provider gagal — AI tidak tersedia, bot tetap berjalan normal.
[SCANNER] bias:BUY conf:10% | Sim:53% NEUTRAL → ⏭ SKIP (Trend tidak aligned (H4:BUY H1:NEUTRAL))
[EBOOK-ENGINE] Cooldown 52min | Sniper High Confluence Entry
[AI] Provider: GROQ | Key: #2 | INVALID KEY → Next key
[AI] Provider: GROQ | Key: #ENV | INVALID KEY → Next key
[AI] Provider: GROQ | Semua key habis → Switch provider
[AI] ⚠️  Semua provider gagal — AI tidak tersedia, bot tetap berjalan normal.
[SCANNER] bias:BUY conf:10% | Sim:53% NEUTRAL → ⏭ SKIP (Trend tidak aligned (H4:BUY H1:NEUTRAL))
[EBOOK-ENGINE] Cooldown 51min | Sniper High Confluence Entry
[AI] Provider: GROQ | Key: #2 | INVALID KEY → Next key
[AI] Provider: GROQ | Key: #ENV | INVALID KEY → Next key
[AI] Provider: GROQ | Semua key habis → Switch provider
[AI] ⚠️  Semua provider gagal — AI tidak tersedia, bot tetap berjalan normal.
[SCANNER] bias:BUY conf:10% | Sim:53% NEUTRAL → ⏭ SKIP (Trend tidak aligned (H4:BUY H1:NEUTRAL))
[AI] Provider: GROQ | Key: #2 | INVALID KEY → Next key
[AI] Provider: GROQ | Key: #ENV | INVALID KEY → Next key
[AI] Provider: GROQ | Semua key habis → Switch provider
[AI] ⚠️  Semua provider gagal — AI tidak tersedia, bot tetap berjalan normal.
[SCANNER] bias:BUY conf:10% | Sim:54% NEUTRAL → ⏭ SKIP (Trend tidak aligned (H4:BUY H1:NEUTRAL))
[AI] Provider: GROQ | Key: #2 | INVALID KEY → Next key
[AI] Provider: GROQ | Key: #ENV | INVALID KEY → Next key
[AI] Provider: GROQ | Semua key habis → Switch provider
[AI] ⚠️  Semua provider gagal — AI tidak tersedia, bot tetap berjalan normal.
[SCANNER] bias:BUY conf:10% | Sim:54% NEUTRAL → ⏭ SKIP (Trend tidak aligned (H4:BUY H1:NEUTRAL))
[NEWS] MarketWatch FX: 8 items, 0 relevant
[NEWS] Investing.com Commodities: 8 items, 3 relevant
[NEWS] Yahoo Finance Gold: 8 items, 4 relevant
[AI] Provider: GROQ | Key: #2 | INVALID KEY → Next key
[AI] Provider: GROQ | Key: #ENV | INVALID KEY → Next key
[AI] Provider: GROQ | Semua key habis → Switch provider
[AI] ⚠️  Semua provider gagal — AI tidak tersedia, bot tetap berjalan normal.
[SCANNER] bias:BUY conf:10% | Sim:54% NEUTRAL → ⏭ SKIP (Trend tidak aligned (H4:BUY H1:NEUTRAL))
[AI] Provider: GROQ | Key: #2 | INVALID KEY → Next key
[AI] Provider: GROQ | Key: #ENV | INVALID KEY → Next key
[AI] Provider: GROQ | Semua key habis → Switch provider
[AI] ⚠️  Semua provider gagal — AI tidak tersedia, bot tetap berjalan normal.
[SCANNER] bias:BUY conf:10% | Sim:54% NEUTRAL → ⏭ SKIP (Trend tidak aligned (H4:BUY H1:NEUTRAL))
[AI] Provider: GROQ | Key: #2 | INVALID KEY → Next key
[AI] Provider: GROQ | Key: #ENV | INVALID KEY → Next key
[AI] Provider: GROQ | Semua key habis → Switch provider
[AI] ⚠️  Semua provider gagal — AI tidak tersedia, bot tetap berjalan normal.
[SCANNER] bias:BUY conf:10% | Sim:54% NEUTRAL → ⏭ SKIP (Trend tidak aligned (H4:BUY H1:NEUTRAL))
[AI] Provider: GROQ | Key: #2 | INVALID KEY → Next key
[AI] Provider: GROQ | Key: #ENV | INVALID KEY → Next key
[AI] Provider: GROQ | Semua key habis → Switch provider
[AI] ⚠️  Semua provider gagal — AI tidak tersedia, bot tetap berjalan normal.
[SCANNER] bias:BUY conf:10% | Sim:54% NEUTRAL → ⏭ SKIP (Trend tidak aligned (H4:BUY H1:NEUTRAL))
[AI] Provider: GROQ | Key: #2 | INVALID KEY → Next key
[AI] Provider: GROQ | Key: #ENV | INVALID KEY → Next key
[AI] Provider: GROQ | Semua key habis → Switch provider
[AI] ⚠️  Semua provider gagal — AI tidak tersedia, bot tetap berjalan normal.
[SCANNER] bias:BUY conf:10% | Sim:54% NEUTRAL → ⏭ SKIP (Trend tidak aligned (H4:BUY H1:NEUTRAL))
[AI] Provider: GROQ | Key: #2 | INVALID KEY → Next key
[AI] Provider: GROQ | Key: #ENV | INVALID KEY → Next key
[AI] Provider: GROQ | Semua key habis → Switch provider
[AI] ⚠️  Semua provider gagal — AI tidak tersedia, bot tetap berjalan normal.
[SCANNER] bias:BUY conf:10% | Sim:54% NEUTRAL → ⏭ SKIP (Trend tidak aligned (H4:BUY H1:NEUTRAL))
[AI] Provider: GROQ | Key: #2 | INVALID KEY → Next key
[AI] Provider: GROQ | Key: #ENV | INVALID KEY → Next key
[AI] Provider: GROQ | Semua key habis → Switch provider
[AI] ⚠️  Semua provider gagal — AI tidak tersedia, bot tetap berjalan normal.
[SCANNER] bias:BUY conf:10% | Sim:54% CAUTION → ⏭ SKIP (Trend tidak aligned (H4:BUY H1:NEUTRAL))
[AI] Provider: GROQ | Key: #2 | INVALID KEY → Next key
[AI] Provider: GROQ | Key: #ENV | INVALID KEY → Next key
[AI] Provider: GROQ | Semua key habis → Switch provider
[AI] ⚠️  Semua provider gagal — AI tidak tersedia, bot tetap berjalan normal.
[SCANNER] bias:BUY conf:10% | Sim:54% CAUTION → ⏭ SKIP (Trend tidak aligned (H4:BUY H1:NEUTRAL))
[AI] Provider: GROQ | Key: #2 | INVALID KEY → Next key
[AI] Provider: GROQ | Key: #ENV | INVALID KEY → Next key
[AI] Provider: GROQ | Semua key habis → Switch provider
[AI] ⚠️  Semua provider gagal — AI tidak tersedia, bot tetap berjalan normal.
[SCANNER] bias:BUY conf:10% | Sim:54% CAUTION → ⏭ SKIP (Trend tidak aligned (H4:BUY H1:NEUTRAL))
[AI] Provider: GROQ | Key: #2 | INVALID KEY → Next key
[AI] Provider: GROQ | Key: #ENV | INVALID KEY → Next key
[AI] Provider: GROQ | Semua key habis → Switch provider
[AI] ⚠️  Semua provider gagal — AI tidak tersedia, bot tetap berjalan normal.
[SCANNER] bias:BUY conf:10% | Sim:54% CAUTION → ⏭ SKIP (Trend tidak aligned (H4:BUY H1:NEUTRAL))
[TRADE-SCANNER] 🟡 SHORT signal ACTIVE — price 4608.29493 in zone
[AI] Provider: GROQ | Key: #2 | INVALID KEY → Next key
[AI] Provider: GROQ | Key: #ENV | INVALID KEY → Next key
[AI] Provider: GROQ | Semua key habis → Switch provider
[AI] ⚠️  Semua provider gagal — AI tidak tersedia, bot tetap berjalan normal.
[SCANNER] bias:BUY conf:10% | Sim:54% CAUTION → ⏭ SKIP (Trend tidak aligned (H4:BUY H1:NEUTRAL))
[AI] Provider: GROQ | Key: #2 | INVALID KEY → Next key
[AI] Provider: GROQ | Key: #ENV | INVALID KEY → Next key
[AI] Provider: GROQ | Semua key habis → Switch provider
[AI] ⚠️  Semua provider gagal — AI tidak tersedia, bot tetap berjalan normal.
[SCANNER] bias:BUY conf:10% | Sim:54% CAUTION → ⏭ SKIP (Trend tidak aligned (H4:BUY H1:NEUTRAL))
[AI] Provider: GROQ | Key: #2 | INVALID KEY → Next key
[AI] Provider: GROQ | Key: #ENV | INVALID KEY → Next key
[AI] Provider: GROQ | Semua key habis → Switch provider
[AI] ⚠️  Semua provider gagal — AI tidak tersedia, bot tetap berjalan normal.
[SCANNER] bias:BUY conf:10% | Sim:54% CAUTION → ⏭ SKIP (Trend tidak aligned (H4:BUY H1:NEUTRAL))
[AI] Provider: GROQ | Key: #2 | INVALID KEY → Next key
[AI] Provider: GROQ | Key: #ENV | INVALID KEY → Next key
[AI] Provider: GROQ | Semua key habis → Switch provider
[AI] ⚠️  Semua provider gagal — AI tidak tersedia, bot tetap berjalan normal.
[SCANNER] bias:BUY conf:10% | Sim:54% CAUTION → ⏭ SKIP (Trend tidak aligned (H4:BUY H1:NEUTRAL))
[AI] Provider: GROQ | Key: #2 | INVALID KEY → Next key
[AI] Provider: GROQ | Key: #ENV | INVALID KEY → Next key
[AI] Provider: GROQ | Semua key habis → Switch provider
[AI] ⚠️  Semua provider gagal — AI tidak tersedia, bot tetap berjalan normal.
[SCANNER] bias:NEUTRAL conf:10% | Sim:54% AVOID → ⏭ SKIP (Trend tidak aligned (H4:NEUTRAL H1:NEUTRAL))
[AI] Provider: GROQ | Key: #2 | INVALID KEY → Next key
[AI] Provider: GROQ | Key: #ENV | INVALID KEY → Next key
[AI] Provider: GROQ | Semua key habis → Switch provider
[AI] ⚠️  Semua provider gagal — AI tidak tersedia, bot tetap berjalan normal.
[SCANNER] bias:NEUTRAL conf:10% | Sim:54% AVOID → ⏭ SKIP (Trend tidak aligned (H4:NEUTRAL H1:NEUTRAL))
[AI] Provider: GROQ | Key: #2 | INVALID KEY → Next key
[AI] Provider: GROQ | Key: #ENV | INVALID KEY → Next key
[AI] Provider: GROQ | Semua key habis → Switch provider
[AI] ⚠️  Semua provider gagal — AI tidak tersedia, bot tetap berjalan normal.
[SCANNER] bias:NEUTRAL conf:10% | Sim:54% AVOID → ⏭ SKIP (Trend tidak aligned (H4:NEUTRAL H1:NEUTRAL))
[AI] Provider: GROQ | Key: #2 | INVALID KEY → Next key
[AI] Provider: GROQ | Key: #ENV | INVALID KEY → Next key
[AI] Provider: GROQ | Semua key habis → Switch provider
[AI] ⚠️  Semua provider gagal — AI tidak tersedia, bot tetap berjalan normal.
[SCANNER] bias:NEUTRAL conf:10% | Sim:54% AVOID → ⏭ SKIP (Trend tidak aligned (H4:NEUTRAL H1:NEUTRAL))
[AI] Provider: GROQ | Key: #2 | INVALID KEY → Next key
[AI] Provider: GROQ | Key: #ENV | INVALID KEY → Next key
[AI] Provider: GROQ | Semua key habis → Switch provider
[AI] ⚠️  Semua provider gagal — AI tidak tersedia, bot tetap berjalan normal.
[SCANNER] bias:NEUTRAL conf:10% | Sim:54% AVOID → ⏭ SKIP (Trend tidak aligned (H4:NEUTRAL H1:NEUTRAL))
[AI] Provider: GROQ | Key: #2 | INVALID KEY → Next key
[AI] Provider: GROQ | Key: #ENV | INVALID KEY → Next key
[AI] Provider: GROQ | Semua key habis → Switch provider
[AI] ⚠️  Semua provider gagal — AI tidak tersedia, bot tetap berjalan normal.
[SCANNER] bias:NEUTRAL conf:10% | Sim:54% AVOID → ⏭ SKIP (Trend tidak aligned (H4:NEUTRAL H1:NEUTRAL))
[AI] Provider: GROQ | Key: #2 | INVALID KEY → Next key
[AI] Provider: GROQ | Key: #ENV | INVALID KEY → Next key
[AI] Provider: GROQ | Semua key habis → Switch provider
[AI] ⚠️  Semua provider gagal — AI tidak tersedia, bot tetap berjalan normal.
[SCANNER] bias:NEUTRAL conf:10% | Sim:54% AVOID → ⏭ SKIP (Trend tidak aligned (H4:NEUTRAL H1:NEUTRAL))
[AI] Provider: GROQ | Key: #2 | INVALID KEY → Next key
[AI] Provider: GROQ | Key: #ENV | INVALID KEY → Next key
[AI] Provider: GROQ | Semua key habis → Switch provider
[AI] ⚠️  Semua provider gagal — AI tidak tersedia, bot tetap berjalan normal.
[SCANNER] bias:NEUTRAL conf:10% | Sim:54% AVOID → ⏭ SKIP (Trend tidak aligned (H4:NEUTRAL H1:NEUTRAL))
[AI] Provider: GROQ | Key: #2 | INVALID KEY → Next key
[AI] Provider: GROQ | Key: #ENV | INVALID KEY → Next key
[AI] Provider: GROQ | Semua key habis → Switch provider
[AI] ⚠️  Semua provider gagal — AI tidak tersedia, bot tetap berjalan normal.
[SCANNER] bias:NEUTRAL conf:10% | Sim:54% CAUTION → ⏭ SKIP (Trend tidak aligned (H4:NEUTRAL H1:NEUTRAL))
[AI] Provider: GROQ | Key: #2 | INVALID KEY → Next key
[AI] Provider: GROQ | Key: #ENV | INVALID KEY → Next key
[AI] Provider: GROQ | Semua key habis → Switch provider
[AI] ⚠️  Semua provider gagal — AI tidak tersedia, bot tetap berjalan normal.
[SCANNER] bias:NEUTRAL conf:10% | Sim:54% CAUTION → ⏭ SKIP (Trend tidak aligned (H4:NEUTRAL H1:NEUTRAL))
[AI] Provider: GROQ | Key: #2 | INVALID KEY → Next key
[AI] Provider: GROQ | Key: #ENV | INVALID KEY → Next key
[AI] Provider: GROQ | Semua key habis → Switch provider
[AI] ⚠️  Semua provider gagal — AI tidak tersedia, bot tetap berjalan normal.
[SCANNER] bias:NEUTRAL conf:10% | Sim:54% CAUTION → ⏭ SKIP (Trend tidak aligned (H4:NEUTRAL H1:NEUTRAL))
[AI] Provider: GROQ | Key: #2 | INVALID KEY → Next key
[AI] Provider: GROQ | Key: #ENV | INVALID KEY → Next key
[AI] Provider: GROQ | Semua key habis → Switch provider
[AI] ⚠️  Semua provider gagal — AI tidak tersedia, bot tetap berjalan normal.
[SCANNER] bias:NEUTRAL conf:10% | Sim:54% CAUTION → ⏭ SKIP (Trend tidak aligned (H4:NEUTRAL H1:NEUTRAL))
[AI] Provider: GROQ | Key: #2 | INVALID KEY → Next key
[AI] Provider: GROQ | Key: #ENV | INVALID KEY → Next key
[AI] Provider: GROQ | Semua key habis → Switch provider
[AI] ⚠️  Semua provider gagal — AI tidak tersedia, bot tetap berjalan normal.
[SCANNER] bias:NEUTRAL conf:10% | Sim:54% CAUTION → ⏭ SKIP (Trend tidak aligned (H4:NEUTRAL H1:NEUTRAL))
[AI] Provider: GROQ | Key: #2 | INVALID KEY → Next key
[AI] Provider: GROQ | Key: #ENV | INVALID KEY → Next key
[AI] Provider: GROQ | Semua key habis → Switch provider
[AI] ⚠️  Semua provider gagal — AI tidak tersedia, bot tetap berjalan normal.
[SCANNER] bias:NEUTRAL conf:10% | Sim:54% CAUTION → ⏭ SKIP (Trend tidak aligned (H4:NEUTRAL H1:NEUTRAL))
[AI] Provider: GROQ | Key: #2 | INVALID KEY → Next key
[AI] Provider: GROQ | Key: #ENV | INVALID KEY → Next key
[AI] Provider: GROQ | Semua key habis → Switch provider
[AI] ⚠️  Semua provider gagal — AI tidak tersedia, bot tetap berjalan normal.
[SCANNER] bias:NEUTRAL conf:10% | Sim:54% CAUTION → ⏭ SKIP (Trend tidak aligned (H4:NEUTRAL H1:NEUTRAL))
[AI] Provider: GROQ | Key: #2 | INVALID KEY → Next key
[AI] Provider: GROQ | Key: #ENV | INVALID KEY → Next key
[AI] Provider: GROQ | Semua key habis → Switch provider
[AI] ⚠️  Semua provider gagal — AI tidak tersedia, bot tetap berjalan normal.
[SCANNER] bias:NEUTRAL conf:10% | Sim:54% CAUTION → ⏭ SKIP (Trend tidak aligned (H4:NEUTRAL H1:NEUTRAL))
[NEWS] MarketWatch FX: 8 items, 0 relevant
[NEWS] Investing.com Commodities: 8 items, 3 relevant
[NEWS] Yahoo Finance Gold: 8 items, 4 relevant
[AI] Provider: GROQ | Key: #2 | INVALID KEY → Next key
[AI] Provider: GROQ | Key: #ENV | INVALID KEY → Next key
[AI] Provider: GROQ | Semua key habis → Switch provider
[AI] ⚠️  Semua provider gagal — AI tidak tersedia, bot tetap berjalan normal.
[SCANNER] bias:NEUTRAL conf:10% | Sim:54% CAUTION → ⏭ SKIP (Trend tidak aligned (H4:NEUTRAL H1:NEUTRAL))
[AI] Provider: GROQ | Key: #2 | INVALID KEY → Next key
[AI] Provider: GROQ | Key: #ENV | INVALID KEY → Next key
[AI] Provider: GROQ | Semua key habis → Switch provider
[AI] ⚠️  Semua provider gagal — AI tidak tersedia, bot tetap berjalan normal.
[SCANNER] bias:NEUTRAL conf:10% | Sim:54% CAUTION → ⏭ SKIP (Trend tidak aligned (H4:NEUTRAL H1:NEUTRAL))
[AI] Provider: GROQ | Key: #2 | INVALID KEY → Next key
[AI] Provider: GROQ | Key: #ENV | INVALID KEY → Next key
[AI] Provider: GROQ | Semua key habis → Switch provider
[AI] ⚠️  Semua provider gagal — AI tidak tersedia, bot tetap berjalan normal.
[SCANNER] bias:NEUTRAL conf:10% | Sim:54% CAUTION → ⏭ SKIP (Trend tidak aligned (H4:NEUTRAL H1:NEUTRAL))
[AI] Provider: GROQ | Key: #2 | INVALID KEY → Next key
[AI] Provider: GROQ | Key: #ENV | INVALID KEY → Next key
[AI] Provider: GROQ | Semua key habis → Switch provider
[AI] ⚠️  Semua provider gagal — AI tidak tersedia, bot tetap berjalan normal.
[SCANNER] bias:NEUTRAL conf:10% | Sim:54% CAUTION → ⏭ SKIP (Trend tidak aligned (H4:NEUTRAL H1:NEUTRAL))
[AI] Provider: GROQ | Key: #2 | INVALID KEY → Next key
[AI] Provider: GROQ | Key: #ENV | INVALID KEY → Next key
[AI] Provider: GROQ | Semua key habis → Switch provider
[AI] ⚠️  Semua provider gagal — AI tidak tersedia, bot tetap berjalan normal.
[SCANNER] bias:NEUTRAL conf:10% | Sim:54% CAUTION → ⏭ SKIP (Trend tidak aligned (H4:NEUTRAL H1:NEUTRAL))
[AI] Provider: GROQ | Key: #2 | INVALID KEY → Next key
[AI] Provider: GROQ | Key: #ENV | INVALID KEY → Next key
[AI] Provider: GROQ | Semua key habis → Switch provider
[AI] ⚠️  Semua provider gagal — AI tidak tersedia, bot tetap berjalan normal.
[SCANNER] bias:NEUTRAL conf:10% | Sim:54% CAUTION → ⏭ SKIP (Trend tidak aligned (H4:NEUTRAL H1:NEUTRAL))
[AI] Provider: GROQ | Key: #2 | INVALID KEY → Next key
[AI] Provider: GROQ | Key: #ENV | INVALID KEY → Next key
[AI] Provider: GROQ | Semua key habis → Switch provider
[AI] ⚠️  Semua provider gagal — AI tidak tersedia, bot tetap berjalan normal.
[SCANNER] bias:NEUTRAL conf:10% | Sim:54% CAUTION → ⏭ SKIP (Trend tidak aligned (H4:NEUTRAL H1:NEUTRAL))
[AI] Provider: GROQ | Key: #2 | INVALID KEY → Next key
[AI] Provider: GROQ | Key: #ENV | INVALID KEY → Next key
[AI] Provider: GROQ | Semua key habis → Switch provider
[AI] ⚠️  Semua provider gagal — AI tidak tersedia, bot tetap berjalan normal.
[SCANNER] bias:NEUTRAL conf:10% | Sim:54% CAUTION → ⏭ SKIP (Trend tidak aligned (H4:NEUTRAL H1:NEUTRAL))
[AI] Provider: GROQ | Key: #2 | INVALID KEY → Next key
[AI] Provider: GROQ | Key: #ENV | INVALID KEY → Next key
[AI] Provider: GROQ | Semua key habis → Switch provider
[AI] ⚠️  Semua provider gagal — AI tidak tersedia, bot tetap berjalan normal.
[SCANNER] bias:NEUTRAL conf:10% | Sim:54% CAUTION → ⏭ SKIP (Trend tidak aligned (H4:NEUTRAL H1:NEUTRAL))
[AI] Provider: GROQ | Key: #2 | INVALID KEY → Next key
[AI] Provider: GROQ | Key: #ENV | INVALID KEY → Next key
[AI] Provider: GROQ | Semua key habis → Switch provider
[AI] ⚠️  Semua provider gagal — AI tidak tersedia, bot tetap berjalan normal.
[SCANNER] bias:NEUTRAL conf:10% | Sim:54% CAUTION → ⏭ SKIP (Trend tidak aligned (H4:NEUTRAL H1:NEUTRAL))
[AI] Provider: GROQ | Key: #2 | INVALID KEY → Next key
[AI] Provider: GROQ | Key: #ENV | INVALID KEY → Next key
[AI] Provider: GROQ | Semua key habis → Switch provider
[AI] ⚠️  Semua provider gagal — AI tidak tersedia, bot tetap berjalan normal.
[SCANNER] bias:NEUTRAL conf:10% | Sim:54% CAUTION → ⏭ SKIP (Trend tidak aligned (H4:NEUTRAL H1:NEUTRAL))
[AI] Provider: GROQ | Key: #2 | INVALID KEY → Next key
[AI] Provider: GROQ | Key: #ENV | INVALID KEY → Next key
[AI] Provider: GROQ | Semua key habis → Switch provider
[AI] ⚠️  Semua provider gagal — AI tidak tersedia, bot tetap berjalan normal.
[SCANNER] bias:NEUTRAL conf:10% | Sim:54% CAUTION → ⏭ SKIP (Trend tidak aligned (H4:NEUTRAL H1:NEUTRAL))
[AI] Provider: GROQ | Key: #2 | INVALID KEY → Next key
[AI] Provider: GROQ | Key: #ENV | INVALID KEY → Next key
[AI] Provider: GROQ | Semua key habis → Switch provider
[AI] ⚠️  Semua provider gagal — AI tidak tersedia, bot tetap berjalan normal.
[SCANNER] bias:NEUTRAL conf:10% | Sim:54% CAUTION → ⏭ SKIP (Trend tidak aligned (H4:NEUTRAL H1:NEUTRAL))
[AI] Provider: GROQ | Key: #2 | INVALID KEY → Next key
[AI] Provider: GROQ | Key: #ENV | INVALID KEY → Next key
[AI] Provider: GROQ | Semua key habis → Switch provider
[AI] ⚠️  Semua provider gagal — AI tidak tersedia, bot tetap berjalan normal.
[SCANNER] bias:NEUTRAL conf:10% | Sim:54% CAUTION → ⏭ SKIP (Trend tidak aligned (H4:NEUTRAL H1:NEUTRAL))
[AI] Provider: GROQ | Key: #2 | INVALID KEY → Next key
[AI] Provider: GROQ | Key: #ENV | INVALID KEY → Next key
[AI] Provider: GROQ | Semua key habis → Switch provider
[AI] ⚠️  Semua provider gagal — AI tidak tersedia, bot tetap berjalan normal.
[SCANNER] bias:NEUTRAL conf:10% | Sim:54% CAUTION → ⏭ SKIP (Trend tidak aligned (H4:NEUTRAL H1:NEUTRAL))
[AI] Provider: GROQ | Key: #2 | INVALID KEY → Next key
[AI] Provider: GROQ | Key: #ENV | INVALID KEY → Next key
[AI] Provider: GROQ | Semua key habis → Switch provider
[AI] ⚠️  Semua provider gagal — AI tidak tersedia, bot tetap berjalan normal.
[SCANNER] bias:NEUTRAL conf:10% | Sim:54% CAUTION → ⏭ SKIP (Trend tidak aligned (H4:NEUTRAL H1:NEUTRAL))
[AI] Provider: GROQ | Key: #2 | INVALID KEY → Next key
[AI] Provider: GROQ | Key: #ENV | INVALID KEY → Next key
[AI] Provider: GROQ | Semua key habis → Switch provider
[AI] ⚠️  Semua provider gagal — AI tidak tersedia, bot tetap berjalan normal.
[SCANNER] bias:NEUTRAL conf:10% | Sim:54% CAUTION → ⏭ SKIP (Trend tidak aligned (H4:NEUTRAL H1:NEUTRAL))
[AI] Provider: GROQ | Key: #2 | INVALID KEY → Next key
[AI] Provider: GROQ | Key: #ENV | INVALID KEY → Next key
[AI] Provider: GROQ | Semua key habis → Switch provider
[AI] ⚠️  Semua provider gagal — AI tidak tersedia, bot tetap berjalan normal.
[SCANNER] bias:NEUTRAL conf:10% | Sim:54% CAUTION → ⏭ SKIP (Trend tidak aligned (H4:NEUTRAL H1:NEUTRAL))
[AI] Provider: GROQ | Key: #2 | INVALID KEY → Next key
[AI] Provider: GROQ | Key: #ENV | INVALID KEY → Next key
[AI] Provider: GROQ | Semua key habis → Switch provider
[AI] ⚠️  Semua provider gagal — AI tidak tersedia, bot tetap berjalan normal.
[SCANNER] bias:NEUTRAL conf:10% | Sim:54% CAUTION → ⏭ SKIP (Trend tidak aligned (H4:NEUTRAL H1:NEUTRAL))
[AI] Provider: GROQ | Key: #2 | INVALID KEY → Next key
[AI] Provider: GROQ | Key: #ENV | INVALID KEY → Next key
[AI] Provider: GROQ | Semua key habis → Switch provider
[AI] ⚠️  Semua provider gagal — AI tidak tersedia, bot tetap berjalan normal.
[SCANNER] bias:NEUTRAL conf:10% | Sim:54% CAUTION → ⏭ SKIP (Trend tidak aligned (H4:NEUTRAL H1:NEUTRAL))
[TRADE-SCANNER-BANNER] SL banner gagal: Cannot read properties of undefined (reading 'toUpperCase')
[AI] Provider: GROQ | Key: #2 | INVALID KEY → Next key
[AI] Provider: GROQ | Key: #ENV | INVALID KEY → Next key
[AI] Provider: GROQ | Semua key habis → Switch provider
[AI] ⚠️  Semua provider gagal — AI tidak tersedia, bot tetap berjalan normal.
[SCANNER] bias:NEUTRAL conf:10% | Sim:54% CAUTION → ⏭ SKIP (Trend tidak aligned (H4:NEUTRAL H1:NEUTRAL))
[AI] Provider: GROQ | Key: #2 | INVALID KEY → Next key
[AI] Provider: GROQ | Key: #ENV | INVALID KEY → Next key
[AI] Provider: GROQ | Semua key habis → Switch provider
[AI] ⚠️  Semua provider gagal — AI tidak tersedia, bot tetap berjalan normal.
[SCANNER] bias:NEUTRAL conf:10% | Sim:54% CAUTION → ⏭ SKIP (Trend tidak aligned (H4:NEUTRAL H1:NEUTRAL))
[AI] Provider: GROQ | Key: #2 | INVALID KEY → Next key
[AI] Provider: GROQ | Key: #ENV | INVALID KEY → Next key
[AI] Provider: GROQ | Semua key habis → Switch provider
[AI] ⚠️  Semua provider gagal — AI tidak tersedia, bot tetap berjalan normal.
[SCANNER] bias:NEUTRAL conf:10% | Sim:54% NEUTRAL → ⏭ SKIP (Trend tidak aligned (H4:NEUTRAL H1:NEUTRAL))
[AI] Provider: GROQ | Key: #2 | INVALID KEY → Next key
[AI] Provider: GROQ | Key: #ENV | INVALID KEY → Next key
[AI] Provider: GROQ | Semua key habis → Switch provider
[AI] ⚠️  Semua provider gagal — AI tidak tersedia, bot tetap berjalan normal.
[SCANNER] bias:NEUTRAL conf:10% | Sim:54% NEUTRAL → ⏭ SKIP (Trend tidak aligned (H4:NEUTRAL H1:NEUTRAL))
[AI] Provider: GROQ | Key: #2 | INVALID KEY → Next key
[AI] Provider: GROQ | Key: #ENV | INVALID KEY → Next key
[AI] Provider: GROQ | Semua key habis → Switch provider
[AI] ⚠️  Semua provider gagal — AI tidak tersedia, bot tetap berjalan normal.
[SCANNER] bias:NEUTRAL conf:10% | Sim:54% NEUTRAL → ⏭ SKIP (Trend tidak aligned (H4:NEUTRAL H1:NEUTRAL))
[AI] Provider: GROQ | Key: #2 | INVALID KEY → Next key
[AI] Provider: GROQ | Key: #ENV | INVALID KEY → Next key
[AI] Provider: GROQ | Semua key habis → Switch provider
[AI] ⚠️  Semua provider gagal — AI tidak tersedia, bot tetap berjalan normal.
[SCANNER] bias:NEUTRAL conf:10% | Sim:54% NEUTRAL → ⏭ SKIP (Trend tidak aligned (H4:NEUTRAL H1:NEUTRAL))
[AI] Provider: GROQ | Key: #2 | INVALID KEY → Next key
[AI] Provider: GROQ | Key: #ENV | INVALID KEY → Next key
[AI] Provider: GROQ | Semua key habis → Switch provider
[AI] ⚠️  Semua provider gagal — AI tidak tersedia, bot tetap berjalan normal.
[SCANNER] bias:NEUTRAL conf:10% | Sim:65% CAUTION → ⏭ SKIP (Trend tidak aligned (H4:NEUTRAL H1:NEUTRAL))
[AI] Provider: GROQ | Key: #2 | INVALID KEY → Next key
[AI] Provider: GROQ | Key: #ENV | INVALID KEY → Next key
[AI] Provider: GROQ | Semua key habis → Switch provider
[AI] ⚠️  Semua provider gagal — AI tidak tersedia, bot tetap berjalan normal.
[SCANNER] bias:NEUTRAL conf:10% | Sim:65% CAUTION → ⏭ SKIP (Trend tidak aligned (H4:NEUTRAL H1:NEUTRAL))
[AI] Provider: GROQ | Key: #2 | INVALID KEY → Next key
[AI] Provider: GROQ | Key: #ENV | INVALID KEY → Next key
[AI] Provider: GROQ | Semua key habis → Switch provider
[AI] ⚠️  Semua provider gagal — AI tidak tersedia, bot tetap berjalan normal.
[SCANNER] bias:NEUTRAL conf:10% | Sim:65% CAUTION → ⏭ SKIP (Trend tidak aligned (H4:NEUTRAL H1:NEUTRAL))
[AI] Provider: GROQ | Key: #2 | INVALID KEY → Next key
[AI] Provider: GROQ | Key: #ENV | INVALID KEY → Next key
[AI] Provider: GROQ | Semua key habis → Switch provider
[AI] ⚠️  Semua provider gagal — AI tidak tersedia, bot tetap berjalan normal.
[SCANNER] bias:NEUTRAL conf:10% | Sim:65% CAUTION → ⏭ SKIP (Trend tidak aligned (H4:NEUTRAL H1:NEUTRAL))
[NEWS] Investing.com Commodities: 8 items, 3 relevant
[NEWS] MarketWatch FX: 8 items, 0 relevant
[NEWS] Yahoo Finance Gold: 8 items, 4 relevant
[AI] Provider: GROQ | Key: #2 | INVALID KEY → Next key
[AI] Provider: GROQ | Key: #ENV | INVALID KEY → Next key
[AI] Provider: GROQ | Semua key habis → Switch provider
[AI] ⚠️  Semua provider gagal — AI tidak tersedia, bot tetap berjalan normal.
[SCANNER] bias:NEUTRAL conf:10% | Sim:65% CAUTION → ⏭ SKIP (Trend tidak aligned (H4:NEUTRAL H1:NEUTRAL))
[AI] Provider: GROQ | Key: #2 | INVALID KEY → Next key
[AI] Provider: GROQ | Key: #ENV | INVALID KEY → Next key
[AI] Provider: GROQ | Semua key habis → Switch provider
[AI] ⚠️  Semua provider gagal — AI tidak tersedia, bot tetap berjalan normal.
[SCANNER] bias:NEUTRAL conf:10% | Sim:65% CAUTION → ⏭ SKIP (Trend tidak aligned (H4:NEUTRAL H1:NEUTRAL))
[AI] Provider: GROQ | Key: #2 | INVALID KEY → Next key
[AI] Provider: GROQ | Key: #ENV | INVALID KEY → Next key
[AI] Provider: GROQ | Semua key habis → Switch provider
[AI] ⚠️  Semua provider gagal — AI tidak tersedia, bot tetap berjalan normal.
[SCANNER] bias:NEUTRAL conf:10% | Sim:65% CAUTION → ⏭ SKIP (Trend tidak aligned (H4:NEUTRAL H1:NEUTRAL))
[AI] Provider: GROQ | Key: #2 | INVALID KEY → Next key
[AI] Provider: GROQ | Key: #ENV | INVALID KEY → Next key
[AI] Provider: GROQ | Semua key habis → Switch provider
[AI] ⚠️  Semua provider gagal — AI tidak tersedia, bot tetap berjalan normal.
[SCANNER] bias:NEUTRAL conf:10% | Sim:65% CAUTION → ⏭ SKIP (Trend tidak aligned (H4:NEUTRAL H1:NEUTRAL))
[AI] Provider: GROQ | Key: #2 | INVALID KEY → Next key
[AI] Provider: GROQ | Key: #ENV | INVALID KEY → Next key
[AI] Provider: GROQ | Semua key habis → Switch provider
[AI] ⚠️  Semua provider gagal — AI tidak tersedia, bot tetap berjalan normal.
[SCANNER] bias:NEUTRAL conf:10% | Sim:65% CAUTION → ⏭ SKIP (Trend tidak aligned (H4:NEUTRAL H1:NEUTRAL))
[AI] Provider: GROQ | Key: #2 | INVALID KEY → Next key
[AI] Provider: GROQ | Key: #ENV | INVALID KEY → Next key
[AI] Provider: GROQ | Semua key habis → Switch provider
[AI] ⚠️  Semua provider gagal — AI tidak tersedia, bot tetap berjalan normal.
[SCANNER] bias:NEUTRAL conf:10% | Sim:66% CAUTION → ⏭ SKIP (Trend tidak aligned (H4:NEUTRAL H1:NEUTRAL))
[AI] Provider: GROQ | Key: #2 | INVALID KEY → Next key
[AI] Provider: GROQ | Key: #ENV | INVALID KEY → Next key
[AI] Provider: GROQ | Semua key habis → Switch provider
[AI] ⚠️  Semua provider gagal — AI tidak tersedia, bot tetap berjalan normal.
[SCANNER] bias:NEUTRAL conf:10% | Sim:66% CAUTION → ⏭ SKIP (Trend tidak aligned (H4:NEUTRAL H1:NEUTRAL))
[AI] Provider: GROQ | Key: #2 | INVALID KEY → Next key
[AI] Provider: GROQ | Key: #ENV | INVALID KEY → Next key
[AI] Provider: GROQ | Semua key habis → Switch provider
[AI] ⚠️  Semua provider gagal — AI tidak tersedia, bot tetap berjalan normal.
[SCANNER] bias:NEUTRAL conf:10% | Sim:66% CAUTION → ⏭ SKIP (Trend tidak aligned (H4:NEUTRAL H1:NEUTRAL))
[AI] Provider: GROQ | Key: #2 | INVALID KEY → Next key
[AI] Provider: GROQ | Key: #ENV | INVALID KEY → Next key
[AI] Provider: GROQ | Semua key habis → Switch provider
[AI] ⚠️  Semua provider gagal — AI tidak tersedia, bot tetap berjalan normal.
[SCANNER] bias:NEUTRAL conf:10% | Sim:66% CAUTION → ⏭ SKIP (Trend tidak aligned (H4:NEUTRAL H1:NEUTRAL))
[AI] Provider: GROQ | Key: #2 | INVALID KEY → Next key
[AI] Provider: GROQ | Key: #ENV | INVALID KEY → Next key
[AI] Provider: GROQ | Semua key habis → Switch provider
[AI] ⚠️  Semua provider gagal — AI tidak tersedia, bot tetap berjalan normal.
[SCANNER] bias:NEUTRAL conf:10% | Sim:66% CAUTION → ⏭ SKIP (Trend tidak aligned (H4:NEUTRAL H1:NEUTRAL))
[AI] Provider: GROQ | Key: #2 | INVALID KEY → Next key
[AI] Provider: GROQ | Key: #ENV | INVALID KEY → Next key
[AI] Provider: GROQ | Semua key habis → Switch provider
[AI] ⚠️  Semua provider gagal — AI tidak tersedia, bot tetap berjalan normal.
[SCANNER] bias:NEUTRAL conf:10% | Sim:66% CAUTION → ⏭ SKIP (Trend tidak aligned (H4:NEUTRAL H1:NEUTRAL))
[AI] Provider: GROQ | Key: #2 | INVALID KEY → Next key
[AI] Provider: GROQ | Key: #ENV | INVALID KEY → Next key
[AI] Provider: GROQ | Semua key habis → Switch provider
[AI] ⚠️  Semua provider gagal — AI tidak tersedia, bot tetap berjalan normal.
[SCANNER] bias:NEUTRAL conf:10% | Sim:66% CAUTION → ⏭ SKIP (Trend tidak aligned (H4:NEUTRAL H1:NEUTRAL))
[AI] Provider: GROQ | Key: #2 | INVALID KEY → Next key
[AI] Provider: GROQ | Key: #ENV | INVALID KEY → Next key
[AI] Provider: GROQ | Semua key habis → Switch provider
[AI] ⚠️  Semua provider gagal — AI tidak tersedia, bot tetap berjalan normal.
[SCANNER] bias:NEUTRAL conf:10% | Sim:66% CAUTION → ⏭ SKIP (Trend tidak aligned (H4:NEUTRAL H1:NEUTRAL))
[AI] Provider: GROQ | Key: #2 | INVALID KEY → Next key
[AI] Provider: GROQ | Key: #ENV | INVALID KEY → Next key
[AI] Provider: GROQ | Semua key habis → Switch provider
[AI] ⚠️  Semua provider gagal — AI tidak tersedia, bot tetap berjalan normal.
[SCANNER] bias:NEUTRAL conf:10% | Sim:65% CAUTION → ⏭ SKIP (Trend tidak aligned (H4:NEUTRAL H1:NEUTRAL))
[AI] Provider: GROQ | Key: #2 | INVALID KEY → Next key
[AI] Provider: GROQ | Key: #ENV | INVALID KEY → Next key
[AI] Provider: GROQ | Semua key habis → Switch provider
[AI] ⚠️  Semua provider gagal — AI tidak tersedia, bot tetap berjalan normal.
[SCANNER] bias:NEUTRAL conf:10% | Sim:64% CAUTION → ⏭ SKIP (Trend tidak aligned (H4:NEUTRAL H1:NEUTRAL))
[AI] Provider: GROQ | Key: #2 | INVALID KEY → Next key
[AI] Provider: GROQ | Key: #ENV | INVALID KEY → Next key
[AI] Provider: GROQ | Semua key habis → Switch provider
[AI] ⚠️  Semua provider gagal — AI tidak tersedia, bot tetap berjalan normal.
[SCANNER] bias:NEUTRAL conf:10% | Sim:64% CAUTION → ⏭ SKIP (Trend tidak aligned (H4:NEUTRAL H1:NEUTRAL))
[AI] Provider: GROQ | Key: #2 | INVALID KEY → Next key
[AI] Provider: GROQ | Key: #ENV | INVALID KEY → Next key
[AI] Provider: GROQ | Semua key habis → Switch provider
[AI] ⚠️  Semua provider gagal — AI tidak tersedia, bot tetap berjalan normal.
[SCANNER] bias:NEUTRAL conf:10% | Sim:64% CAUTION → ⏭ SKIP (Trend tidak aligned (H4:NEUTRAL H1:NEUTRAL))
[AI] Provider: GROQ | Key: #2 | INVALID KEY → Next key
[AI] Provider: GROQ | Key: #ENV | INVALID KEY → Next key
[AI] Provider: GROQ | Semua key habis → Switch provider
[AI] ⚠️  Semua provider gagal — AI tidak tersedia, bot tetap berjalan normal.
[SCANNER] bias:NEUTRAL conf:10% | Sim:64% CAUTION → ⏭ SKIP (Trend tidak aligned (H4:NEUTRAL H1:NEUTRAL))
[AI] Provider: GROQ | Key: #2 | INVALID KEY → Next key
[AI] Provider: GROQ | Key: #ENV | INVALID KEY → Next key
[AI] Provider: GROQ | Semua key habis → Switch provider
[AI] ⚠️  Semua provider gagal — AI tidak tersedia, bot tetap berjalan normal.
[SCANNER] bias:NEUTRAL conf:10% | Sim:64% CAUTION → ⏭ SKIP (Trend tidak aligned (H4:NEUTRAL H1:NEUTRAL))
[AI] Provider: GROQ | Key: #2 | INVALID KEY → Next key
[AI] Provider: GROQ | Key: #ENV | INVALID KEY → Next key
[AI] Provider: GROQ | Semua key habis → Switch provider
[AI] ⚠️  Semua provider gagal — AI tidak tersedia, bot tetap berjalan normal.
[SCANNER] bias:NEUTRAL conf:10% | Sim:64% CAUTION → ⏭ SKIP (Trend tidak aligned (H4:NEUTRAL H1:NEUTRAL))
[AI] Provider: GROQ | Key: #2 | INVALID KEY → Next key
[AI] Provider: GROQ | Key: #ENV | INVALID KEY → Next key
[AI] Provider: GROQ | Semua key habis → Switch provider
[AI] ⚠️  Semua provider gagal — AI tidak tersedia, bot tetap berjalan normal.
[SCANNER] bias:NEUTRAL conf:10% | Sim:64% CAUTION → ⏭ SKIP (Trend tidak aligned (H4:NEUTRAL H1:NEUTRAL))
[AI] Provider: GROQ | Key: #2 | INVALID KEY → Next key
[AI] Provider: GROQ | Key: #ENV | INVALID KEY → Next key
[AI] Provider: GROQ | Semua key habis → Switch provider
[AI] ⚠️  Semua provider gagal — AI tidak tersedia, bot tetap berjalan normal.
[SCANNER] bias:NEUTRAL conf:10% | Sim:64% CAUTION → ⏭ SKIP (Trend tidak aligned (H4:NEUTRAL H1:NEUTRAL))
[EBOOK-ENGINE] Cooldown 9min | Engulfing Candle Pattern
[AI] Provider: GROQ | Key: #2 | INVALID KEY → Next key
[AI] Provider: GROQ | Key: #ENV | INVALID KEY → Next key
[AI] Provider: GROQ | Semua key habis → Switch provider
[AI] ⚠️  Semua provider gagal — AI tidak tersedia, bot tetap berjalan normal.
[SCANNER] bias:NEUTRAL conf:10% | Sim:64% CAUTION → ⏭ SKIP (Trend tidak aligned (H4:NEUTRAL H1:NEUTRAL))
[EBOOK-ENGINE] Cooldown 8min | Engulfing Candle Pattern
[AI] Provider: GROQ | Key: #2 | INVALID KEY → Next key
[AI] Provider: GROQ | Key: #ENV | INVALID KEY → Next key
[AI] Provider: GROQ | Semua key habis → Switch provider
[AI] ⚠️  Semua provider gagal — AI tidak tersedia, bot tetap berjalan normal.
[SCANNER] bias:NEUTRAL conf:10% | Sim:64% CAUTION → ⏭ SKIP (Trend tidak aligned (H4:NEUTRAL H1:NEUTRAL))
[EBOOK-ENGINE] Cooldown 8min | Engulfing Candle Pattern
[AI] Provider: GROQ | Key: #2 | INVALID KEY → Next key
[AI] Provider: GROQ | Key: #ENV | INVALID KEY → Next key
[AI] Provider: GROQ | Semua key habis → Switch provider
[AI] ⚠️  Semua provider gagal — AI tidak tersedia, bot tetap berjalan normal.
[SCANNER] bias:NEUTRAL conf:10% | Sim:64% CAUTION → ⏭ SKIP (Trend tidak aligned (H4:NEUTRAL H1:NEUTRAL))
[EBOOK-ENGINE] Cooldown 7min | Engulfing Candle Pattern
[AI] Provider: GROQ | Key: #2 | INVALID KEY → Next key
[AI] Provider: GROQ | Key: #ENV | INVALID KEY → Next key
[AI] Provider: GROQ | Semua key habis → Switch provider
[AI] ⚠️  Semua provider gagal — AI tidak tersedia, bot tetap berjalan normal.
[SCANNER] bias:NEUTRAL conf:10% | Sim:64% CAUTION → ⏭ SKIP (Trend tidak aligned (H4:NEUTRAL H1:NEUTRAL))
[EBOOK-ENGINE] Cooldown 7min | Engulfing Candle Pattern
[AI] Provider: GROQ | Key: #2 | INVALID KEY → Next key
[AI] Provider: GROQ | Key: #ENV | INVALID KEY → Next key
[AI] Provider: GROQ | Semua key habis → Switch provider
[AI] ⚠️  Semua provider gagal — AI tidak tersedia, bot tetap berjalan normal.
[SCANNER] bias:NEUTRAL conf:10% | Sim:64% CAUTION → ⏭ SKIP (Trend tidak aligned (H4:NEUTRAL H1:NEUTRAL))
[EBOOK-ENGINE] Cooldown 6min | Engulfing Candle Pattern
[AI] Provider: GROQ | Key: #2 | INVALID KEY → Next key
[AI] Provider: GROQ | Key: #ENV | INVALID KEY → Next key
[AI] Provider: GROQ | Semua key habis → Switch provider
[AI] ⚠️  Semua provider gagal — AI tidak tersedia, bot tetap berjalan normal.
[SCANNER] bias:NEUTRAL conf:10% | Sim:64% CAUTION → ⏭ SKIP (Trend tidak aligned (H4:NEUTRAL H1:NEUTRAL))
[EBOOK-ENGINE] Cooldown 6min | Engulfing Candle Pattern
[AI] Provider: GROQ | Key: #2 | INVALID KEY → Next key
[AI] Provider: GROQ | Key: #ENV | INVALID KEY → Next key
[AI] Provider: GROQ | Semua key habis → Switch provider
[AI] ⚠️  Semua provider gagal — AI tidak tersedia, bot tetap berjalan normal.
[SCANNER] bias:NEUTRAL conf:10% | Sim:64% CAUTION → ⏭ SKIP (Trend tidak aligned (H4:NEUTRAL H1:NEUTRAL))
[EBOOK-ENGINE] Cooldown 5min | Engulfing Candle Pattern
[AI] Provider: GROQ | Key: #2 | INVALID KEY → Next key
[AI] Provider: GROQ | Key: #ENV | INVALID KEY → Next key
[AI] Provider: GROQ | Semua key habis → Switch provider
[AI] ⚠️  Semua provider gagal — AI tidak tersedia, bot tetap berjalan normal.
[TRADE-SCANNER] ⚡ Auto-scan SHORT dibuat — BUY @ 4593.16-4599.15 (conf 60%)
[AI] Provider: GROQ | Key: #2 | INVALID KEY → Next key
[AI] Provider: GROQ | Key: #ENV | INVALID KEY → Next key
[AI] Provider: GROQ | Semua key habis → Switch provider
[AI] ⚠️  Semua provider gagal — AI tidak tersedia, bot tetap berjalan normal.
[SCANNER] bias:NEUTRAL conf:10% | Sim:64% CAUTION → ⏭ SKIP (Trend tidak aligned (H4:NEUTRAL H1:NEUTRAL))
[EBOOK-ENGINE] Cooldown 5min | Engulfing Candle Pattern
[NEWS] MarketWatch FX: 8 items, 0 relevant
[NEWS] Investing.com Commodities: 8 items, 3 relevant
[NEWS] Yahoo Finance Gold: 8 items, 4 relevant
[AI] Provider: GROQ | Key: #2 | INVALID KEY → Next key
[AI] Provider: GROQ | Key: #ENV | INVALID KEY → Next key
[AI] Provider: GROQ | Semua key habis → Switch provider
[AI] ⚠️  Semua provider gagal — AI tidak tersedia, bot tetap berjalan normal.
[SCANNER] bias:NEUTRAL conf:10% | Sim:64% CAUTION → ⏭ SKIP (Trend tidak aligned (H4:NEUTRAL H1:NEUTRAL))
[EBOOK-ENGINE] Cooldown 4min | Supply & Demand Zone
[AI] Provider: GROQ | Key: #2 | INVALID KEY → Next key
[AI] Provider: GROQ | Key: #ENV | INVALID KEY → Next key
[AI] Provider: GROQ | Semua key habis → Switch provider
[AI] ⚠️  Semua provider gagal — AI tidak tersedia, bot tetap berjalan normal.
[SCANNER] bias:NEUTRAL conf:10% | Sim:64% CAUTION → ⏭ SKIP (Trend tidak aligned (H4:NEUTRAL H1:NEUTRAL))
[EBOOK-ENGINE] Cooldown 4min | Supply & Demand Zone
[AI] Provider: GROQ | Key: #2 | INVALID KEY → Next key
[AI] Provider: GROQ | Key: #ENV | INVALID KEY → Next key
[AI] Provider: GROQ | Semua key habis → Switch provider
[AI] ⚠️  Semua provider gagal — AI tidak tersedia, bot tetap berjalan normal.
[SCANNER] bias:NEUTRAL conf:10% | Sim:64% CAUTION → ⏭ SKIP (Trend tidak aligned (H4:NEUTRAL H1:NEUTRAL))
[EBOOK-ENGINE] Cooldown 3min | Supply & Demand Zone
[AI] Provider: GROQ | Key: #2 | INVALID KEY → Next key
[AI] Provider: GROQ | Key: #ENV | INVALID KEY → Next key
[AI] Provider: GROQ | Semua key habis → Switch provider
[AI] ⚠️  Semua provider gagal — AI tidak tersedia, bot tetap berjalan normal.
[SCANNER] bias:NEUTRAL conf:10% | Sim:64% CAUTION → ⏭ SKIP (Trend tidak aligned (H4:NEUTRAL H1:NEUTRAL))
[EBOOK-ENGINE] Cooldown 3min | Supply & Demand Zone
[AI] Provider: GROQ | Key: #2 | INVALID KEY → Next key
[AI] Provider: GROQ | Key: #ENV | INVALID KEY → Next key
[AI] Provider: GROQ | Semua key habis → Switch provider
[AI] ⚠️  Semua provider gagal — AI tidak tersedia, bot tetap berjalan normal.
[SCANNER] bias:NEUTRAL conf:10% | Sim:64% CAUTION → ⏭ SKIP (Trend tidak aligned (H4:NEUTRAL H1:NEUTRAL))
[EBOOK-ENGINE] Cooldown 2min | Supply & Demand Zone
[AI] Provider: GROQ | Key: #2 | INVALID KEY → Next key
[AI] Provider: GROQ | Key: #ENV | INVALID KEY → Next key
[AI] Provider: GROQ | Semua key habis → Switch provider
[AI] ⚠️  Semua provider gagal — AI tidak tersedia, bot tetap berjalan normal.
[SCANNER] bias:NEUTRAL conf:10% | Sim:64% CAUTION → ⏭ SKIP (Trend tidak aligned (H4:NEUTRAL H1:NEUTRAL))
[EBOOK-ENGINE] Cooldown 2min | Supply & Demand Zone
[AI] Provider: GROQ | Key: #2 | INVALID KEY → Next key
[AI] Provider: GROQ | Key: #ENV | INVALID KEY → Next key
[AI] Provider: GROQ | Semua key habis → Switch provider
[AI] ⚠️  Semua provider gagal — AI tidak tersedia, bot tetap berjalan normal.
[SCANNER] bias:NEUTRAL conf:10% | Sim:64% CAUTION → ⏭ SKIP (Trend tidak aligned (H4:NEUTRAL H1:NEUTRAL))
[EBOOK-ENGINE] Cooldown 1min | Supply & Demand Zone
[AI] Provider: GROQ | Key: #2 | INVALID KEY → Next key
[AI] Provider: GROQ | Key: #ENV | INVALID KEY → Next key
[AI] Provider: GROQ | Semua key habis → Switch provider
[AI] ⚠️  Semua provider gagal — AI tidak tersedia, bot tetap berjalan normal.
[SCANNER] bias:NEUTRAL conf:10% | Sim:64% CAUTION → ⏭ SKIP (Trend tidak aligned (H4:NEUTRAL H1:NEUTRAL))
[EBOOK-ENGINE] Cooldown 1min | Supply & Demand Zone
[AI] Provider: GROQ | Key: #2 | INVALID KEY → Next key
[AI] Provider: GROQ | Key: #ENV | INVALID KEY → Next key
[AI] Provider: GROQ | Semua key habis → Switch provider
[AI] ⚠️  Semua provider gagal — AI tidak tersedia, bot tetap berjalan normal.
[SCANNER] bias:NEUTRAL conf:10% | Sim:64% CAUTION → ⏭ SKIP (Trend tidak aligned (H4:NEUTRAL H1:NEUTRAL))
[EBOOK-ENGINE] 📌 Signal ter-pin (#886)
[DB] Signal #241 disimpan (BUY @ 4603.63)
[EBOOK-ENGINE] ✅ Signal #241 terkirim (BUY @ 4603.63 | HHLL Trend Following)
[AI] Provider: GROQ | Key: #2 | INVALID KEY → Next key
[AI] Provider: GROQ | Key: #ENV | INVALID KEY → Next key
[AI] Provider: GROQ | Semua key habis → Switch provider
[AI] ⚠️  Semua provider gagal — AI tidak tersedia, bot tetap berjalan normal.
[SCANNER] bias:NEUTRAL conf:10% | Sim:65% CAUTION → ⏭ SKIP (Trend tidak aligned (H4:NEUTRAL H1:NEUTRAL))
[EBOOK-ENGINE] Cooldown 240min | HHLL Trend Following
[AI] Provider: GROQ | Key: #2 | INVALID KEY → Next key
[AI] Provider: GROQ | Key: #ENV | INVALID KEY → Next key
[AI] Provider: GROQ | Semua key habis → Switch provider
[AI] ⚠️  Semua provider gagal — AI tidak tersedia, bot tetap berjalan normal.
[SCANNER] bias:NEUTRAL conf:10% | Sim:65% CAUTION → ⏭ SKIP (Trend tidak aligned (H4:NEUTRAL H1:NEUTRAL))
[EBOOK-ENGINE] Cooldown 240min | HHLL Trend Following
[AI] Provider: GROQ | Key: #2 | INVALID KEY → Next key
[AI] Provider: GROQ | Key: #ENV | INVALID KEY → Next key
[AI] Provider: GROQ | Semua key habis → Switch provider
[AI] ⚠️  Semua provider gagal — AI tidak tersedia, bot tetap berjalan normal.
[SCANNER] bias:NEUTRAL conf:10% | Sim:65% CAUTION → ⏭ SKIP (Trend tidak aligned (H4:NEUTRAL H1:NEUTRAL))
[EBOOK-ENGINE] Cooldown 239min | HHLL Trend Following
[AI] Provider: GROQ | Key: #2 | INVALID KEY → Next key
[AI] Provider: GROQ | Key: #ENV | INVALID KEY → Next key
[AI] Provider: GROQ | Semua key habis → Switch provider
[AI] ⚠️  Semua provider gagal — AI tidak tersedia, bot tetap berjalan normal.
[SCANNER] bias:NEUTRAL conf:10% | Sim:65% CAUTION → ⏭ SKIP (Trend tidak aligned (H4:NEUTRAL H1:NEUTRAL))
[EBOOK-ENGINE] Cooldown 239min | HHLL Trend Following
[AI] Provider: GROQ | Key: #2 | INVALID KEY → Next key
[AI] Provider: GROQ | Key: #ENV | INVALID KEY → Next key
[AI] Provider: GROQ | Semua key habis → Switch provider
[AI] ⚠️  Semua provider gagal — AI tidak tersedia, bot tetap berjalan normal.
[SCANNER] bias:NEUTRAL conf:10% | Sim:65% CAUTION → ⏭ SKIP (Trend tidak aligned (H4:NEUTRAL H1:NEUTRAL))
[EBOOK-ENGINE] Cooldown 238min | HHLL Trend Following
[AI] Provider: GROQ | Key: #2 | INVALID KEY → Next key
[AI] Provider: GROQ | Key: #ENV | INVALID KEY → Next key
[AI] Provider: GROQ | Semua key habis → Switch provider
[AI] ⚠️  Semua provider gagal — AI tidak tersedia, bot tetap berjalan normal.
[SCANNER] bias:NEUTRAL conf:10% | Sim:65% CAUTION → ⏭ SKIP (Trend tidak aligned (H4:NEUTRAL H1:NEUTRAL))
[EBOOK-ENGINE] Cooldown 238min | HHLL Trend Following
[AI] Provider: GROQ | Key: #2 | INVALID KEY → Next key
[AI] Provider: GROQ | Key: #ENV | INVALID KEY → Next key
[AI] Provider: GROQ | Semua key habis → Switch provider
[AI] ⚠️  Semua provider gagal — AI tidak tersedia, bot tetap berjalan normal.
[SCANNER] bias:NEUTRAL conf:10% | Sim:65% CAUTION → ⏭ SKIP (Trend tidak aligned (H4:NEUTRAL H1:NEUTRAL))
[EBOOK-ENGINE] Cooldown 237min | HHLL Trend Following
[AI] Provider: GROQ | Key: #2 | INVALID KEY → Next key
[AI] Provider: GROQ | Key: #ENV | INVALID KEY → Next key
[AI] Provider: GROQ | Semua key habis → Switch provider
[AI] ⚠️  Semua provider gagal — AI tidak tersedia, bot tetap berjalan normal.
[SCANNER] bias:NEUTRAL conf:10% | Sim:65% CAUTION → ⏭ SKIP (Trend tidak aligned (H4:NEUTRAL H1:NEUTRAL))
[AI] Provider: GROQ | Key: #2 | INVALID KEY → Next key
[AI] Provider: GROQ | Key: #ENV | INVALID KEY → Next key
[AI] Provider: GROQ | Semua key habis → Switch provider
[AI] ⚠️  Semua provider gagal — AI tidak tersedia, bot tetap berjalan normal.
[SCANNER] bias:NEUTRAL conf:10% | Sim:65% CAUTION → ⏭ SKIP (Trend tidak aligned (H4:NEUTRAL H1:NEUTRAL))
[AI] Provider: GROQ | Key: #2 | INVALID KEY → Next key
[AI] Provider: GROQ | Key: #ENV | INVALID KEY → Next key
[AI] Provider: GROQ | Semua key habis → Switch provider
[AI] ⚠️  Semua provider gagal — AI tidak tersedia, bot tetap berjalan normal.
[SCANNER] bias:NEUTRAL conf:10% | Sim:65% CAUTION → ⏭ SKIP (Trend tidak aligned (H4:NEUTRAL H1:NEUTRAL))
[AI] Provider: GROQ | Key: #2 | INVALID KEY → Next key
[AI] Provider: GROQ | Key: #ENV | INVALID KEY → Next key
[AI] Provider: GROQ | Semua key habis → Switch provider
[AI] ⚠️  Semua provider gagal — AI tidak tersedia, bot tetap berjalan normal.
[SCANNER] bias:NEUTRAL conf:10% | Sim:65% CAUTION → ⏭ SKIP (Trend tidak aligned (H4:NEUTRAL H1:NEUTRAL))
[AI] Provider: GROQ | Key: #2 | INVALID KEY → Next key
[AI] Provider: GROQ | Key: #ENV | INVALID KEY → Next key
[AI] Provider: GROQ | Semua key habis → Switch provider
[AI] ⚠️  Semua provider gagal — AI tidak tersedia, bot tetap berjalan normal.
[SCANNER] bias:NEUTRAL conf:10% | Sim:65% CAUTION → ⏭ SKIP (Trend tidak aligned (H4:NEUTRAL H1:NEUTRAL))
[AI] Provider: GROQ | Key: #2 | INVALID KEY → Next key
[AI] Provider: GROQ | Key: #ENV | INVALID KEY → Next key
[AI] Provider: GROQ | Semua key habis → Switch provider
[AI] ⚠️  Semua provider gagal — AI tidak tersedia, bot tetap berjalan normal.
[SCANNER] bias:NEUTRAL conf:10% | Sim:65% CAUTION → ⏭ SKIP (Trend tidak aligned (H4:NEUTRAL H1:NEUTRAL))
[AI] Provider: GROQ | Key: #2 | INVALID KEY → Next key
[AI] Provider: GROQ | Key: #ENV | INVALID KEY → Next key
[AI] Provider: GROQ | Semua key habis → Switch provider
[AI] ⚠️  Semua provider gagal — AI tidak tersedia, bot tetap berjalan normal.
[SCANNER] bias:NEUTRAL conf:10% | Sim:65% CAUTION → ⏭ SKIP (Trend tidak aligned (H4:NEUTRAL H1:NEUTRAL))
[AI] Provider: GROQ | Key: #2 | INVALID KEY → Next key
[AI] Provider: GROQ | Key: #ENV | INVALID KEY → Next key
[AI] Provider: GROQ | Semua key habis → Switch provider
[AI] ⚠️  Semua provider gagal — AI tidak tersedia, bot tetap berjalan normal.
[SCANNER] bias:NEUTRAL conf:10% | Sim:65% CAUTION → ⏭ SKIP (Trend tidak aligned (H4:NEUTRAL H1:NEUTRAL))
[AI] Provider: GROQ | Key: #2 | INVALID KEY → Next key
[AI] Provider: GROQ | Key: #ENV | INVALID KEY → Next key
[AI] Provider: GROQ | Semua key habis → Switch provider
[AI] ⚠️  Semua provider gagal — AI tidak tersedia, bot tetap berjalan normal.
[SCANNER] bias:NEUTRAL conf:10% | Sim:65% CAUTION → ⏭ SKIP (Trend tidak aligned (H4:NEUTRAL H1:NEUTRAL))
[AI] Provider: GROQ | Key: #2 | INVALID KEY → Next key
[AI] Provider: GROQ | Key: #ENV | INVALID KEY → Next key
[AI] Provider: GROQ | Semua key habis → Switch provider
[AI] ⚠️  Semua provider gagal — AI tidak tersedia, bot tetap berjalan normal.
[SCANNER] bias:NEUTRAL conf:10% | Sim:66% CAUTION → ⏭ SKIP (Trend tidak aligned (H4:NEUTRAL H1:NEUTRAL))
[AI] Provider: GROQ | Key: #2 | INVALID KEY → Next key
[AI] Provider: GROQ | Key: #ENV | INVALID KEY → Next key
[AI] Provider: GROQ | Semua key habis → Switch provider
[AI] ⚠️  Semua provider gagal — AI tidak tersedia, bot tetap berjalan normal.
[SCANNER] bias:NEUTRAL conf:10% | Sim:64% CAUTION → ⏭ SKIP (Trend tidak aligned (H4:NEUTRAL H1:NEUTRAL))
[AI] Provider: GROQ | Key: #2 | INVALID KEY → Next key
[AI] Provider: GROQ | Key: #ENV | INVALID KEY → Next key
[AI] Provider: GROQ | Semua key habis → Switch provider
[AI] ⚠️  Semua provider gagal — AI tidak tersedia, bot tetap berjalan normal.
[SCANNER] bias:NEUTRAL conf:10% | Sim:64% CAUTION → ⏭ SKIP (Trend tidak aligned (H4:NEUTRAL H1:NEUTRAL))
[AI] Provider: GROQ | Key: #2 | INVALID KEY → Next key
[AI] Provider: GROQ | Key: #ENV | INVALID KEY → Next key
[AI] Provider: GROQ | Semua key habis → Switch provider
[AI] ⚠️  Semua provider gagal — AI tidak tersedia, bot tetap berjalan normal.
[SCANNER] bias:NEUTRAL conf:10% | Sim:64% CAUTION → ⏭ SKIP (Trend tidak aligned (H4:NEUTRAL H1:NEUTRAL))
[AI] Provider: GROQ | Key: #2 | INVALID KEY → Next key
[AI] Provider: GROQ | Key: #ENV | INVALID KEY → Next key
[AI] Provider: GROQ | Semua key habis → Switch provider
[AI] ⚠️  Semua provider gagal — AI tidak tersedia, bot tetap berjalan normal.
[SCANNER] bias:NEUTRAL conf:10% | Sim:64% CAUTION → ⏭ SKIP (Trend tidak aligned (H4:NEUTRAL H1:NEUTRAL))
[AI] Provider: GROQ | Key: #2 | INVALID KEY → Next key
[AI] Provider: GROQ | Key: #ENV | INVALID KEY → Next key
[AI] Provider: GROQ | Semua key habis → Switch provider
[AI] ⚠️  Semua provider gagal — AI tidak tersedia, bot tetap berjalan normal.
[SCANNER] bias:NEUTRAL conf:10% | Sim:64% CAUTION → ⏭ SKIP (Trend tidak aligned (H4:NEUTRAL H1:NEUTRAL))
[NEWS] Investing.com Commodities: 8 items, 3 relevant
[NEWS] MarketWatch FX: 8 items, 0 relevant
[NEWS] Yahoo Finance Gold: 8 items, 4 relevant
[AI] Provider: GROQ | Key: #2 | INVALID KEY → Next key
[AI] Provider: GROQ | Key: #ENV | INVALID KEY → Next key
[AI] Provider: GROQ | Semua key habis → Switch provider
[AI] ⚠️  Semua provider gagal — AI tidak tersedia, bot tetap berjalan normal.
[SCANNER] bias:NEUTRAL conf:10% | Sim:64% CAUTION → ⏭ SKIP (Trend tidak aligned (H4:NEUTRAL H1:NEUTRAL))
[AI] Provider: GROQ | Key: #2 | INVALID KEY → Next key
[AI] Provider: GROQ | Key: #ENV | INVALID KEY → Next key
[AI] Provider: GROQ | Semua key habis → Switch provider
[AI] ⚠️  Semua provider gagal — AI tidak tersedia, bot tetap berjalan normal.
[SCANNER] bias:NEUTRAL conf:10% | Sim:64% CAUTION → ⏭ SKIP (Trend tidak aligned (H4:NEUTRAL H1:NEUTRAL))
[AI] Provider: GROQ | Key: #2 | INVALID KEY → Next key
[AI] Provider: GROQ | Key: #ENV | INVALID KEY → Next key
[AI] Provider: GROQ | Semua key habis → Switch provider
[AI] ⚠️  Semua provider gagal — AI tidak tersedia, bot tetap berjalan normal.
[SCANNER] bias:NEUTRAL conf:10% | Sim:64% CAUTION → ⏭ SKIP (Trend tidak aligned (H4:NEUTRAL H1:NEUTRAL))
[AI] Provider: GROQ | Key: #2 | INVALID KEY → Next key
[AI] Provider: GROQ | Key: #ENV | INVALID KEY → Next key
[AI] Provider: GROQ | Semua key habis → Switch provider
[AI] ⚠️  Semua provider gagal — AI tidak tersedia, bot tetap berjalan normal.
[SCANNER] bias:NEUTRAL conf:10% | Sim:65% CAUTION → ⏭ SKIP (Trend tidak aligned (H4:NEUTRAL H1:NEUTRAL))
[AI] Provider: GROQ | Key: #2 | INVALID KEY → Next key
[AI] Provider: GROQ | Key: #ENV | INVALID KEY → Next key
[AI] Provider: GROQ | Semua key habis → Switch provider
[AI] ⚠️  Semua provider gagal — AI tidak tersedia, bot tetap berjalan normal.
[SCANNER] bias:NEUTRAL conf:10% | Sim:65% CAUTION → ⏭ SKIP (Trend tidak aligned (H4:NEUTRAL H1:NEUTRAL))
[AI] Provider: GROQ | Key: #2 | INVALID KEY → Next key
[AI] Provider: GROQ | Key: #ENV | INVALID KEY → Next key
[AI] Provider: GROQ | Semua key habis → Switch provider
[AI] ⚠️  Semua provider gagal — AI tidak tersedia, bot tetap berjalan normal.
[SCANNER] bias:NEUTRAL conf:10% | Sim:65% CAUTION → ⏭ SKIP (Trend tidak aligned (H4:NEUTRAL H1:NEUTRAL))
[AI] Provider: GROQ | Key: #2 | INVALID KEY → Next key
[AI] Provider: GROQ | Key: #ENV | INVALID KEY → Next key
[AI] Provider: GROQ | Semua key habis → Switch provider
[AI] ⚠️  Semua provider gagal — AI tidak tersedia, bot tetap berjalan normal.
[SCANNER] bias:NEUTRAL conf:10% | Sim:65% CAUTION → ⏭ SKIP (Trend tidak aligned (H4:NEUTRAL H1:NEUTRAL))
[AI] Provider: GROQ | Key: #2 | INVALID KEY → Next key
[AI] Provider: GROQ | Key: #ENV | INVALID KEY → Next key
[AI] Provider: GROQ | Semua key habis → Switch provider
[AI] ⚠️  Semua provider gagal — AI tidak tersedia, bot tetap berjalan normal.
[SCANNER] bias:NEUTRAL conf:10% | Sim:65% CAUTION → ⏭ SKIP (Trend tidak aligned (H4:NEUTRAL H1:NEUTRAL))
[AI] Provider: GROQ | Key: #2 | INVALID KEY → Next key
[AI] Provider: GROQ | Key: #ENV | INVALID KEY → Next key
[AI] Provider: GROQ | Semua key habis → Switch provider
[AI] ⚠️  Semua provider gagal — AI tidak tersedia, bot tetap berjalan normal.
[SCANNER] bias:NEUTRAL conf:10% | Sim:65% CAUTION → ⏭ SKIP (Trend tidak aligned (H4:NEUTRAL H1:NEUTRAL))
[AI] Provider: GROQ | Key: #2 | INVALID KEY → Next key
[AI] Provider: GROQ | Key: #ENV | INVALID KEY → Next key
[AI] Provider: GROQ | Semua key habis → Switch provider
[AI] ⚠️  Semua provider gagal — AI tidak tersedia, bot tetap berjalan normal.
[SCANNER] bias:NEUTRAL conf:10% | Sim:65% CAUTION → ⏭ SKIP (Trend tidak aligned (H4:NEUTRAL H1:NEUTRAL))
[AI] Provider: GROQ | Key: #2 | INVALID KEY → Next key
[AI] Provider: GROQ | Key: #ENV | INVALID KEY → Next key
[AI] Provider: GROQ | Semua key habis → Switch provider
[AI] ⚠️  Semua provider gagal — AI tidak tersedia, bot tetap berjalan normal.
[SCANNER] bias:NEUTRAL conf:10% | Sim:65% CAUTION → ⏭ SKIP (Trend tidak aligned (H4:NEUTRAL H1:NEUTRAL))
[EBOOK-ENGINE] Cooldown 224min | Supply & Demand Zone
[AI] Provider: GROQ | Key: #2 | INVALID KEY → Next key
[AI] Provider: GROQ | Key: #ENV | INVALID KEY → Next key
[AI] Provider: GROQ | Semua key habis → Switch provider
[AI] ⚠️  Semua provider gagal — AI tidak tersedia, bot tetap berjalan normal.
[SCANNER] bias:NEUTRAL conf:10% | Sim:65% CAUTION → ⏭ SKIP (Trend tidak aligned (H4:NEUTRAL H1:NEUTRAL))
[EBOOK-ENGINE] Cooldown 223min | Supply & Demand Zone
[AI] Provider: GROQ | Key: #2 | INVALID KEY → Next key
[AI] Provider: GROQ | Key: #ENV | INVALID KEY → Next key
[AI] Provider: GROQ | Semua key habis → Switch provider
[AI] ⚠️  Semua provider gagal — AI tidak tersedia, bot tetap berjalan normal.
[SCANNER] bias:NEUTRAL conf:10% | Sim:64% CAUTION → ⏭ SKIP (Trend tidak aligned (H4:NEUTRAL H1:NEUTRAL))
[EBOOK-ENGINE] Cooldown 223min | Supply & Demand Zone
[AI] Provider: GROQ | Key: #2 | INVALID KEY → Next key
[AI] Provider: GROQ | Key: #ENV | INVALID KEY → Next key
[AI] Provider: GROQ | Semua key habis → Switch provider
[AI] ⚠️  Semua provider gagal — AI tidak tersedia, bot tetap berjalan normal.
[SCANNER] bias:NEUTRAL conf:10% | Sim:64% CAUTION → ⏭ SKIP (Trend tidak aligned (H4:NEUTRAL H1:NEUTRAL))
[EBOOK-ENGINE] Cooldown 222min | Supply & Demand Zone
[AI] Provider: GROQ | Key: #2 | INVALID KEY → Next key
[AI] Provider: GROQ | Key: #ENV | INVALID KEY → Next key
[AI] Provider: GROQ | Semua key habis → Switch provider
[AI] ⚠️  Semua provider gagal — AI tidak tersedia, bot tetap berjalan normal.
[SCANNER] bias:NEUTRAL conf:10% | Sim:64% CAUTION → ⏭ SKIP (Trend tidak aligned (H4:NEUTRAL H1:NEUTRAL))
[EBOOK-ENGINE] Cooldown 222min | Supply & Demand Zone
[AI] Provider: GROQ | Key: #2 | INVALID KEY → Next key
[AI] Provider: GROQ | Key: #ENV | INVALID KEY → Next key
[AI] Provider: GROQ | Semua key habis → Switch provider
[AI] ⚠️  Semua provider gagal — AI tidak tersedia, bot tetap berjalan normal.
[SCANNER] bias:NEUTRAL conf:10% | Sim:64% CAUTION → ⏭ SKIP (Trend tidak aligned (H4:NEUTRAL H1:NEUTRAL))
[EBOOK-ENGINE] Cooldown 222min | Supply & Demand Zone
[AI] Provider: GROQ | Key: #2 | INVALID KEY → Next key
[AI] Provider: GROQ | Key: #ENV | INVALID KEY → Next key
[AI] Provider: GROQ | Semua key habis → Switch provider
[AI] ⚠️  Semua provider gagal — AI tidak tersedia, bot tetap berjalan normal.
[SCANNER] bias:NEUTRAL conf:10% | Sim:64% CAUTION → ⏭ SKIP (Trend tidak aligned (H4:NEUTRAL H1:NEUTRAL))
[EBOOK-ENGINE] Cooldown 221min | Supply & Demand Zone
[AI] Provider: GROQ | Key: #2 | INVALID KEY → Next key
[AI] Provider: GROQ | Key: #ENV | INVALID KEY → Next key
[AI] Provider: GROQ | Semua key habis → Switch provider
[AI] ⚠️  Semua provider gagal — AI tidak tersedia, bot tetap berjalan normal.
[SCANNER] bias:NEUTRAL conf:10% | Sim:64% CAUTION → ⏭ SKIP (Trend tidak aligned (H4:NEUTRAL H1:NEUTRAL))
[EBOOK-ENGINE] Cooldown 220min | Supply & Demand Zone
[AI] Provider: GROQ | Key: #2 | INVALID KEY → Next key
[AI] Provider: GROQ | Key: #ENV | INVALID KEY → Next key
[AI] Provider: GROQ | Semua key habis → Switch provider
[AI] ⚠️  Semua provider gagal — AI tidak tersedia, bot tetap berjalan normal.
[SCANNER] bias:NEUTRAL conf:10% | Sim:64% CAUTION → ⏭ SKIP (Trend tidak aligned (H4:NEUTRAL H1:NEUTRAL))
[EBOOK-ENGINE] Cooldown 220min | Supply & Demand Zone
[AI] Provider: GROQ | Key: #2 | INVALID KEY → Next key
[AI] Provider: GROQ | Key: #ENV | INVALID KEY → Next key
[AI] Provider: GROQ | Semua key habis → Switch provider
[AI] ⚠️  Semua provider gagal — AI tidak tersedia, bot tetap berjalan normal.
[SCANNER] bias:NEUTRAL conf:10% | Sim:65% CAUTION → ⏭ SKIP (Trend tidak aligned (H4:NEUTRAL H1:NEUTRAL))
[AI] Provider: GROQ | Key: #2 | INVALID KEY → Next key
[AI] Provider: GROQ | Key: #ENV | INVALID KEY → Next key
[AI] Provider: GROQ | Semua key habis → Switch provider
[AI] ⚠️  Semua provider gagal — AI tidak tersedia, bot tetap berjalan normal.
[SCANNER] bias:NEUTRAL conf:10% | Sim:65% CAUTION → ⏭ SKIP (Trend tidak aligned (H4:NEUTRAL H1:NEUTRAL))
[AI] Provider: GROQ | Key: #2 | INVALID KEY → Next key
[AI] Provider: GROQ | Key: #ENV | INVALID KEY → Next key
[AI] Provider: GROQ | Semua key habis → Switch provider
[AI] ⚠️  Semua provider gagal — AI tidak tersedia, bot tetap berjalan normal.
[SCANNER] bias:NEUTRAL conf:10% | Sim:65% CAUTION → ⏭ SKIP (Trend tidak aligned (H4:NEUTRAL H1:NEUTRAL))
[AI] Provider: GROQ | Key: #2 | INVALID KEY → Next key
[AI] Provider: GROQ | Key: #ENV | INVALID KEY → Next key
[AI] Provider: GROQ | Semua key habis → Switch provider
[AI] ⚠️  Semua provider gagal — AI tidak tersedia, bot tetap berjalan normal.
[SCANNER] bias:NEUTRAL conf:10% | Sim:65% CAUTION → ⏭ SKIP (Trend tidak aligned (H4:NEUTRAL H1:NEUTRAL))
[AI] Provider: GROQ | Key: #2 | INVALID KEY → Next key
[AI] Provider: GROQ | Key: #ENV | INVALID KEY → Next key
[AI] Provider: GROQ | Semua key habis → Switch provider
[AI] ⚠️  Semua provider gagal — AI tidak tersedia, bot tetap berjalan normal.
[SCANNER] bias:NEUTRAL conf:10% | Sim:65% CAUTION → ⏭ SKIP (Trend tidak aligned (H4:NEUTRAL H1:NEUTRAL))
[AI] Provider: GROQ | Key: #2 | INVALID KEY → Next key
[AI] Provider: GROQ | Key: #ENV | INVALID KEY → Next key
[AI] Provider: GROQ | Semua key habis → Switch provider
[AI] ⚠️  Semua provider gagal — AI tidak tersedia, bot tetap berjalan normal.
[SCANNER] bias:NEUTRAL conf:10% | Sim:65% CAUTION → ⏭ SKIP (Trend tidak aligned (H4:NEUTRAL H1:NEUTRAL))
[AI] Provider: GROQ | Key: #2 | INVALID KEY → Next key
[AI] Provider: GROQ | Key: #ENV | INVALID KEY → Next key
[AI] Provider: GROQ | Semua key habis → Switch provider
[AI] ⚠️  Semua provider gagal — AI tidak tersedia, bot tetap berjalan normal.
[SCANNER] bias:NEUTRAL conf:10% | Sim:65% CAUTION → ⏭ SKIP (Trend tidak aligned (H4:NEUTRAL H1:NEUTRAL))
[AI] Provider: GROQ | Key: #2 | INVALID KEY → Next key
[AI] Provider: GROQ | Key: #ENV | INVALID KEY → Next key
[AI] Provider: GROQ | Semua key habis → Switch provider
[AI] ⚠️  Semua provider gagal — AI tidak tersedia, bot tetap berjalan normal.
[SCANNER] bias:NEUTRAL conf:10% | Sim:65% CAUTION → ⏭ SKIP (Trend tidak aligned (H4:NEUTRAL H1:NEUTRAL))
[AI] Provider: GROQ | Key: #2 | INVALID KEY → Next key
[AI] Provider: GROQ | Key: #ENV | INVALID KEY → Next key
[AI] Provider: GROQ | Semua key habis → Switch provider
[AI] ⚠️  Semua provider gagal — AI tidak tersedia, bot tetap berjalan normal.
[SCANNER] bias:NEUTRAL conf:10% | Sim:65% CAUTION → ⏭ SKIP (Trend tidak aligned (H4:NEUTRAL H1:NEUTRAL))
[AI] Provider: GROQ | Key: #2 | INVALID KEY → Next key
[AI] Provider: GROQ | Key: #ENV | INVALID KEY → Next key
[AI] Provider: GROQ | Semua key habis → Switch provider
[AI] ⚠️  Semua provider gagal — AI tidak tersedia, bot tetap berjalan normal.
[SCANNER] bias:NEUTRAL conf:10% | Sim:63% NEUTRAL → ⏭ SKIP (Trend tidak aligned (H4:NEUTRAL H1:NEUTRAL))
[AI] Provider: GROQ | Key: #2 | INVALID KEY → Next key
[AI] Provider: GROQ | Key: #ENV | INVALID KEY → Next key
[AI] Provider: GROQ | Semua key habis → Switch provider
[AI] ⚠️  Semua provider gagal — AI tidak tersedia, bot tetap berjalan normal.
[SCANNER] bias:NEUTRAL conf:10% | Sim:63% NEUTRAL → ⏭ SKIP (Trend tidak aligned (H4:NEUTRAL H1:NEUTRAL))
[NEWS] Investing.com Commodities: 8 items, 3 relevant
[NEWS] MarketWatch FX: 8 items, 0 relevant
[NEWS] Yahoo Finance Gold: 8 items, 5 relevant
[AI] Provider: GROQ | Key: #2 | INVALID KEY → Next key
[AI] Provider: GROQ | Key: #ENV | INVALID KEY → Next key
[AI] Provider: GROQ | Semua key habis → Switch provider
[AI] ⚠️  Semua provider gagal — AI tidak tersedia, bot tetap berjalan normal.
[SCANNER] bias:NEUTRAL conf:10% | Sim:63% NEUTRAL → ⏭ SKIP (Trend tidak aligned (H4:NEUTRAL H1:NEUTRAL))
[AI] Provider: GROQ | Key: #2 | INVALID KEY → Next key
[AI] Provider: GROQ | Key: #ENV | INVALID KEY → Next key
[AI] Provider: GROQ | Semua key habis → Switch provider
[AI] ⚠️  Semua provider gagal — AI tidak tersedia, bot tetap berjalan normal.
[SCANNER] bias:NEUTRAL conf:10% | Sim:63% NEUTRAL → ⏭ SKIP (Trend tidak aligned (H4:NEUTRAL H1:NEUTRAL))
[AI] Provider: GROQ | Key: #2 | INVALID KEY → Next key
[AI] Provider: GROQ | Key: #ENV | INVALID KEY → Next key
[AI] Provider: GROQ | Semua key habis → Switch provider
[AI] ⚠️  Semua provider gagal — AI tidak tersedia, bot tetap berjalan normal.
[SCANNER] bias:NEUTRAL conf:10% | Sim:63% NEUTRAL → ⏭ SKIP (Trend tidak aligned (H4:NEUTRAL H1:NEUTRAL))
[AI] Provider: GROQ | Key: #2 | INVALID KEY → Next key
[AI] Provider: GROQ | Key: #ENV | INVALID KEY → Next key
[AI] Provider: GROQ | Semua key habis → Switch provider
[AI] ⚠️  Semua provider gagal — AI tidak tersedia, bot tetap berjalan normal.
[SCANNER] bias:NEUTRAL conf:10% | Sim:63% NEUTRAL → ⏭ SKIP (Trend tidak aligned (H4:NEUTRAL H1:NEUTRAL))
[AI] Provider: GROQ | Key: #2 | INVALID KEY → Next key
[AI] Provider: GROQ | Key: #ENV | INVALID KEY → Next key
[AI] Provider: GROQ | Semua key habis → Switch provider
[AI] ⚠️  Semua provider gagal — AI tidak tersedia, bot tetap berjalan normal.
[SCANNER] bias:NEUTRAL conf:10% | Sim:63% NEUTRAL → ⏭ SKIP (Trend tidak aligned (H4:NEUTRAL H1:NEUTRAL))
[AI] Provider: GROQ | Key: #2 | INVALID KEY → Next key
[AI] Provider: GROQ | Key: #ENV | INVALID KEY → Next key
[AI] Provider: GROQ | Semua key habis → Switch provider
[AI] ⚠️  Semua provider gagal — AI tidak tersedia, bot tetap berjalan normal.
[SCANNER] bias:NEUTRAL conf:10% | Sim:63% NEUTRAL → ⏭ SKIP (Trend tidak aligned (H4:NEUTRAL H1:NEUTRAL))
[EBOOK-ENGINE] Cooldown 211min | HHLL Trend Following
[AI] Provider: GROQ | Key: #2 | INVALID KEY → Next key
[AI] Provider: GROQ | Key: #ENV | INVALID KEY → Next key
[AI] Provider: GROQ | Semua key habis → Switch provider
[AI] ⚠️  Semua provider gagal — AI tidak tersedia, bot tetap berjalan normal.
[SCANNER] bias:NEUTRAL conf:10% | Sim:63% NEUTRAL → ⏭ SKIP (Trend tidak aligned (H4:NEUTRAL H1:NEUTRAL))
[EBOOK-ENGINE] Cooldown 211min | HHLL Trend Following
[DB] Breakeven triggered — Signal #241
[BREAKEVEN] 🔒 Signal #241 — profit +29.7 pips → Move SL to BE
[AI] Provider: GROQ | Key: #2 | INVALID KEY → Next key
[AI] Provider: GROQ | Key: #ENV | INVALID KEY → Next key
[AI] Provider: GROQ | Semua key habis → Switch provider
[AI] ⚠️  Semua provider gagal — AI tidak tersedia, bot tetap berjalan normal.
[SCANNER] bias:NEUTRAL conf:10% | Sim:63% NEUTRAL → ⏭ SKIP (Trend tidak aligned (H4:NEUTRAL H1:NEUTRAL))
[EBOOK-ENGINE] Cooldown 210min | HHLL Trend Following
[AI] Provider: GROQ | Key: #2 | INVALID KEY → Next key
[AI] Provider: GROQ | Key: #ENV | INVALID KEY → Next key
[AI] Provider: GROQ | Semua key habis → Switch provider
[AI] ⚠️  Semua provider gagal — AI tidak tersedia, bot tetap berjalan normal.
[SCANNER] bias:NEUTRAL conf:10% | Sim:63% NEUTRAL → ⏭ SKIP (Trend tidak aligned (H4:NEUTRAL H1:NEUTRAL))
[EBOOK-ENGINE] Cooldown 210min | HHLL Trend Following
[AI] Provider: GROQ | Key: #2 | INVALID KEY → Next key
[AI] Provider: GROQ | Key: #ENV | INVALID KEY → Next key
[AI] Provider: GROQ | Semua key habis → Switch provider
[AI] ⚠️  Semua provider gagal — AI tidak tersedia, bot tetap berjalan normal.
[SCANNER] bias:NEUTRAL conf:10% | Sim:63% NEUTRAL → ⏭ SKIP (Trend tidak aligned (H4:NEUTRAL H1:NEUTRAL))
[EBOOK-ENGINE] Cooldown 209min | HHLL Trend Following
[AI] Provider: GROQ | Key: #2 | INVALID KEY → Next key
[AI] Provider: GROQ | Key: #ENV | INVALID KEY → Next key
[AI] Provider: GROQ | Semua key habis → Switch provider
[AI] ⚠️  Semua provider gagal — AI tidak tersedia, bot tetap berjalan normal.
[SCANNER] bias:NEUTRAL conf:10% | Sim:63% NEUTRAL → ⏭ SKIP (Trend tidak aligned (H4:NEUTRAL H1:NEUTRAL))
[EBOOK-ENGINE] Cooldown 209min | HHLL Trend Following
[AI] Provider: GROQ | Key: #2 | INVALID KEY → Next key
[AI] Provider: GROQ | Key: #ENV | INVALID KEY → Next key
[AI] Provider: GROQ | Semua key habis → Switch provider
[AI] ⚠️  Semua provider gagal — AI tidak tersedia, bot tetap berjalan normal.
[SCANNER] bias:NEUTRAL conf:10% | Sim:63% NEUTRAL → ⏭ SKIP (Trend tidak aligned (H4:NEUTRAL H1:NEUTRAL))
[EBOOK-ENGINE] Cooldown 208min | HHLL Trend Following
[AI] Provider: GROQ | Key: #2 | INVALID KEY → Next key
[AI] Provider: GROQ | Key: #ENV | INVALID KEY → Next key
[AI] Provider: GROQ | Semua key habis → Switch provider
[AI] ⚠️  Semua provider gagal — AI tidak tersedia, bot tetap berjalan normal.
[SCANNER] bias:NEUTRAL conf:10% | Sim:63% NEUTRAL → ⏭ SKIP (Trend tidak aligned (H4:NEUTRAL H1:NEUTRAL))
[EBOOK-ENGINE] Cooldown 208min | HHLL Trend Following
[AI] Provider: GROQ | Key: #2 | INVALID KEY → Next key
[AI] Provider: GROQ | Key: #ENV | INVALID KEY → Next key
[AI] Provider: GROQ | Semua key habis → Switch provider
[AI] ⚠️  Semua provider gagal — AI tidak tersedia, bot tetap berjalan normal.
[SCANNER] bias:NEUTRAL conf:10% | Sim:63% NEUTRAL → ⏭ SKIP (Trend tidak aligned (H4:NEUTRAL H1:NEUTRAL))
[EBOOK-ENGINE] Cooldown 207min | HHLL Trend Following
[AI] Provider: GROQ | Key: #2 | INVALID KEY → Next key
[AI] Provider: GROQ | Key: #ENV | INVALID KEY → Next key
[AI] Provider: GROQ | Semua key habis → Switch provider
[AI] ⚠️  Semua provider gagal — AI tidak tersedia, bot tetap berjalan normal.
[SCANNER] bias:NEUTRAL conf:10% | Sim:63% NEUTRAL → ⏭ SKIP (Trend tidak aligned (H4:NEUTRAL H1:NEUTRAL))
[EBOOK-ENGINE] Cooldown 207min | HHLL Trend Following
[AI] Provider: GROQ | Key: #2 | INVALID KEY → Next key
[AI] Provider: GROQ | Key: #ENV | INVALID KEY → Next key
[AI] Provider: GROQ | Semua key habis → Switch provider
[AI] ⚠️  Semua provider gagal — AI tidak tersedia, bot tetap berjalan normal.
[SCANNER] bias:NEUTRAL conf:10% | Sim:63% NEUTRAL → ⏭ SKIP (Trend tidak aligned (H4:NEUTRAL H1:NEUTRAL))
[EBOOK-ENGINE] Cooldown 206min | HHLL Trend Following
[AI] Provider: GROQ | Key: #2 | INVALID KEY → Next key
[AI] Provider: GROQ | Key: #ENV | INVALID KEY → Next key
[AI] Provider: GROQ | Semua key habis → Switch provider
[AI] ⚠️  Semua provider gagal — AI tidak tersedia, bot tetap berjalan normal.
[SCANNER] bias:NEUTRAL conf:10% | Sim:63% NEUTRAL → ⏭ SKIP (Trend tidak aligned (H4:NEUTRAL H1:NEUTRAL))
[EBOOK-ENGINE] Cooldown 206min | HHLL Trend Following
[AI] Provider: GROQ | Key: #2 | INVALID KEY → Next key
[AI] Provider: GROQ | Key: #ENV | INVALID KEY → Next key
[AI] Provider: GROQ | Semua key habis → Switch provider
[AI] ⚠️  Semua provider gagal — AI tidak tersedia, bot tetap berjalan normal.
[SCANNER] bias:NEUTRAL conf:10% | Sim:63% NEUTRAL → ⏭ SKIP (Trend tidak aligned (H4:NEUTRAL H1:NEUTRAL))
[EBOOK-ENGINE] Cooldown 205min | HHLL Trend Following
[AI] Provider: GROQ | Key: #2 | INVALID KEY → Next key
[AI] Provider: GROQ | Key: #ENV | INVALID KEY → Next key
[AI] Provider: GROQ | Semua key habis → Switch provider
[AI] ⚠️  Semua provider gagal — AI tidak tersedia, bot tetap berjalan normal.
[SCANNER] bias:NEUTRAL conf:10% | Sim:63% NEUTRAL → ⏭ SKIP (Trend tidak aligned (H4:NEUTRAL H1:NEUTRAL))
[EBOOK-ENGINE] Cooldown 205min | HHLL Trend Following
[AI] Provider: GROQ | Key: #2 | INVALID KEY → Next key
[AI] Provider: GROQ | Key: #ENV | INVALID KEY → Next key
[AI] Provider: GROQ | Semua key habis → Switch provider
[AI] ⚠️  Semua provider gagal — AI tidak tersedia, bot tetap berjalan normal.
[SCANNER] bias:NEUTRAL conf:10% | Sim:63% NEUTRAL → ⏭ SKIP (Trend tidak aligned (H4:NEUTRAL H1:NEUTRAL))
[EBOOK-ENGINE] Cooldown 204min | HHLL Trend Following
[AI] Provider: GROQ | Key: #2 | INVALID KEY → Next key
[AI] Provider: GROQ | Key: #ENV | INVALID KEY → Next key
[AI] Provider: GROQ | Semua key habis → Switch provider
[AI] ⚠️  Semua provider gagal — AI tidak tersedia, bot tetap berjalan normal.
[SCANNER] bias:NEUTRAL conf:10% | Sim:63% NEUTRAL → ⏭ SKIP (Trend tidak aligned (H4:NEUTRAL H1:NEUTRAL))
[EBOOK-ENGINE] Cooldown 204min | HHLL Trend Following
[AI] Provider: GROQ | Key: #2 | INVALID KEY → Next key
[AI] Provider: GROQ | Key: #ENV | INVALID KEY → Next key
[AI] Provider: GROQ | Semua key habis → Switch provider
[AI] ⚠️  Semua provider gagal — AI tidak tersedia, bot tetap berjalan normal.
[SCANNER] bias:NEUTRAL conf:10% | Sim:63% NEUTRAL → ⏭ SKIP (Trend tidak aligned (H4:NEUTRAL H1:NEUTRAL))
[EBOOK-ENGINE] Cooldown 203min | HHLL Trend Following
[AI] Provider: GROQ | Key: #2 | INVALID KEY → Next key
[AI] Provider: GROQ | Key: #ENV | INVALID KEY → Next key
[AI] Provider: GROQ | Semua key habis → Switch provider
[AI] ⚠️  Semua provider gagal — AI tidak tersedia, bot tetap berjalan normal.
[SCANNER] bias:NEUTRAL conf:10% | Sim:63% NEUTRAL → ⏭ SKIP (Trend tidak aligned (H4:NEUTRAL H1:NEUTRAL))
[EBOOK-ENGINE] Cooldown 203min | Supply & Demand Zone
[AI] Provider: GROQ | Key: #2 | INVALID KEY → Next key
[AI] Provider: GROQ | Key: #ENV | INVALID KEY → Next key
[AI] Provider: GROQ | Semua key habis → Switch provider
[AI] ⚠️  Semua provider gagal — AI tidak tersedia, bot tetap berjalan normal.
[SCANNER] bias:NEUTRAL conf:10% | Sim:63% NEUTRAL → ⏭ SKIP (Trend tidak aligned (H4:NEUTRAL H1:NEUTRAL))
[EBOOK-ENGINE] Cooldown 202min | Supply & Demand Zone
[AI] Provider: GROQ | Key: #2 | INVALID KEY → Next key
[AI] Provider: GROQ | Key: #ENV | INVALID KEY → Next key
[AI] Provider: GROQ | Semua key habis → Switch provider
[AI] ⚠️  Semua provider gagal — AI tidak tersedia, bot tetap berjalan normal.
[SCANNER] bias:NEUTRAL conf:10% | Sim:63% NEUTRAL → ⏭ SKIP (Trend tidak aligned (H4:NEUTRAL H1:NEUTRAL))
[EBOOK-ENGINE] Cooldown 202min | Supply & Demand Zone
[AI] Provider: GROQ | Key: #2 | INVALID KEY → Next key
[AI] Provider: GROQ | Key: #ENV | INVALID KEY → Next key
[AI] Provider: GROQ | Semua key habis → Switch provider
[AI] ⚠️  Semua provider gagal — AI tidak tersedia, bot tetap berjalan normal.
[SCANNER] bias:NEUTRAL conf:10% | Sim:63% NEUTRAL → ⏭ SKIP (Trend tidak aligned (H4:NEUTRAL H1:NEUTRAL))
[EBOOK-ENGINE] Cooldown 201min | Supply & Demand Zone
[AI] Provider: GROQ | Key: #2 | INVALID KEY → Next key
[AI] Provider: GROQ | Key: #ENV | INVALID KEY → Next key
[AI] Provider: GROQ | Semua key habis → Switch provider
[AI] ⚠️  Semua provider gagal — AI tidak tersedia, bot tetap berjalan normal.
[SCANNER] bias:NEUTRAL conf:10% | Sim:63% NEUTRAL → ⏭ SKIP (Trend tidak aligned (H4:NEUTRAL H1:NEUTRAL))
[EBOOK-ENGINE] Cooldown 201min | Supply & Demand Zone
[AI] Provider: GROQ | Key: #2 | INVALID KEY → Next key
[AI] Provider: GROQ | Key: #ENV | INVALID KEY → Next key
[AI] Provider: GROQ | Semua key habis → Switch provider
[AI] ⚠️  Semua provider gagal — AI tidak tersedia, bot tetap berjalan normal.
[SCANNER] bias:NEUTRAL conf:10% | Sim:63% NEUTRAL → ⏭ SKIP (Trend tidak aligned (H4:NEUTRAL H1:NEUTRAL))
[EBOOK-ENGINE] Cooldown 200min | Supply & Demand Zone
[AI] Provider: GROQ | Key: #2 | INVALID KEY → Next key
[AI] Provider: GROQ | Key: #ENV | INVALID KEY → Next key
[AI] Provider: GROQ | Semua key habis → Switch provider
[AI] ⚠️  Semua provider gagal — AI tidak tersedia, bot tetap berjalan normal.
[SCANNER] bias:NEUTRAL conf:10% | Sim:63% NEUTRAL → ⏭ SKIP (Trend tidak aligned (H4:NEUTRAL H1:NEUTRAL))
[EBOOK-ENGINE] Cooldown 200min | Supply & Demand Zone
[AI] Provider: GROQ | Key: #2 | INVALID KEY → Next key
[AI] Provider: GROQ | Key: #ENV | INVALID KEY → Next key
[AI] Provider: GROQ | Semua key habis → Switch provider
[AI] ⚠️  Semua provider gagal — AI tidak tersedia, bot tetap berjalan normal.
[SCANNER] bias:NEUTRAL conf:10% | Sim:63% NEUTRAL → ⏭ SKIP (Trend tidak aligned (H4:NEUTRAL H1:NEUTRAL))
[EBOOK-ENGINE] Cooldown 199min | Supply & Demand Zone
[NEWS] MarketWatch FX: 8 items, 0 relevant
[NEWS] Investing.com Commodities: 8 items, 3 relevant
[NEWS] Yahoo Finance Gold: 8 items, 5 relevant
[AI] Provider: GROQ | Key: #2 | INVALID KEY → Next key
[AI] Provider: GROQ | Key: #ENV | INVALID KEY → Next key
[AI] Provider: GROQ | Semua key habis → Switch provider
[AI] ⚠️  Semua provider gagal — AI tidak tersedia, bot tetap berjalan normal.
[SCANNER] bias:NEUTRAL conf:10% | Sim:63% NEUTRAL → ⏭ SKIP (Trend tidak aligned (H4:NEUTRAL H1:NEUTRAL))
[EBOOK-ENGINE] Cooldown 199min | Supply & Demand Zone
[AI] Provider: GROQ | Key: #2 | INVALID KEY → Next key
[AI] Provider: GROQ | Key: #ENV | INVALID KEY → Next key
[AI] Provider: GROQ | Semua key habis → Switch provider
[AI] ⚠️  Semua provider gagal — AI tidak tersedia, bot tetap berjalan normal.
[SCANNER] bias:NEUTRAL conf:10% | Sim:64% NEUTRAL → ⏭ SKIP (Trend tidak aligned (H4:NEUTRAL H1:NEUTRAL))
[AI] Provider: GROQ | Key: #2 | INVALID KEY → Next key
[AI] Provider: GROQ | Key: #ENV | INVALID KEY → Next key
[AI] Provider: GROQ | Semua key habis → Switch provider
[AI] ⚠️  Semua provider gagal — AI tidak tersedia, bot tetap berjalan normal.
[SCANNER] bias:NEUTRAL conf:10% | Sim:64% NEUTRAL → ⏭ SKIP (Trend tidak aligned (H4:NEUTRAL H1:NEUTRAL))
[AI] Provider: GROQ | Key: #2 | INVALID KEY → Next key
[AI] Provider: GROQ | Key: #ENV | INVALID KEY → Next key
[AI] Provider: GROQ | Semua key habis → Switch provider
[AI] ⚠️  Semua provider gagal — AI tidak tersedia, bot tetap berjalan normal.
[SCANNER] bias:NEUTRAL conf:10% | Sim:64% NEUTRAL → ⏭ SKIP (Trend tidak aligned (H4:NEUTRAL H1:NEUTRAL))
[AI] Provider: GROQ | Key: #2 | INVALID KEY → Next key
[AI] Provider: GROQ | Key: #ENV | INVALID KEY → Next key
[AI] Provider: GROQ | Semua key habis → Switch provider
[AI] ⚠️  Semua provider gagal — AI tidak tersedia, bot tetap berjalan normal.
[SCANNER] bias:NEUTRAL conf:10% | Sim:64% NEUTRAL → ⏭ SKIP (Trend tidak aligned (H4:NEUTRAL H1:NEUTRAL))
[AI] Provider: GROQ | Key: #2 | INVALID KEY → Next key
[AI] Provider: GROQ | Key: #ENV | INVALID KEY → Next key
[AI] Provider: GROQ | Semua key habis → Switch provider
[AI] ⚠️  Semua provider gagal — AI tidak tersedia, bot tetap berjalan normal.
[SCANNER] bias:NEUTRAL conf:10% | Sim:64% NEUTRAL → ⏭ SKIP (Trend tidak aligned (H4:NEUTRAL H1:NEUTRAL))
[AI] Provider: GROQ | Key: #2 | INVALID KEY → Next key
[AI] Provider: GROQ | Key: #ENV | INVALID KEY → Next key
[AI] Provider: GROQ | Semua key habis → Switch provider
[AI] ⚠️  Semua provider gagal — AI tidak tersedia, bot tetap berjalan normal.
[SCANNER] bias:NEUTRAL conf:10% | Sim:64% NEUTRAL → ⏭ SKIP (Trend tidak aligned (H4:NEUTRAL H1:NEUTRAL))
[AI] Provider: GROQ | Key: #2 | INVALID KEY → Next key
[AI] Provider: GROQ | Key: #ENV | INVALID KEY → Next key
[AI] Provider: GROQ | Semua key habis → Switch provider
[AI] ⚠️  Semua provider gagal — AI tidak tersedia, bot tetap berjalan normal.
[SCANNER] bias:NEUTRAL conf:10% | Sim:64% NEUTRAL → ⏭ SKIP (Trend tidak aligned (H4:NEUTRAL H1:NEUTRAL))
[AI] Provider: GROQ | Key: #2 | INVALID KEY → Next key
[AI] Provider: GROQ | Key: #ENV | INVALID KEY → Next key
[AI] Provider: GROQ | Semua key habis → Switch provider
[AI] ⚠️  Semua provider gagal — AI tidak tersedia, bot tetap berjalan normal.
[SCANNER] bias:NEUTRAL conf:10% | Sim:64% NEUTRAL → ⏭ SKIP (Trend tidak aligned (H4:NEUTRAL H1:NEUTRAL))
[AI] Provider: GROQ | Key: #2 | INVALID KEY → Next key
[AI] Provider: GROQ | Key: #ENV | INVALID KEY → Next key
[AI] Provider: GROQ | Semua key habis → Switch provider
[AI] ⚠️  Semua provider gagal — AI tidak tersedia, bot tetap berjalan normal.
[SCANNER] bias:NEUTRAL conf:10% | Sim:63% NEUTRAL → ⏭ SKIP (Trend tidak aligned (H4:NEUTRAL H1:NEUTRAL))
[EBOOK-ENGINE] Cooldown 194min | MACD Momentum Scalp
[AI] Provider: GROQ | Key: #2 | INVALID KEY → Next key
[AI] Provider: GROQ | Key: #ENV | INVALID KEY → Next key
[AI] Provider: GROQ | Semua key habis → Switch provider
[AI] ⚠️  Semua provider gagal — AI tidak tersedia, bot tetap berjalan normal.
[SCANNER] bias:NEUTRAL conf:10% | Sim:63% NEUTRAL → ⏭ SKIP (Trend tidak aligned (H4:NEUTRAL H1:NEUTRAL))
[EBOOK-ENGINE] Cooldown 194min | MACD Momentum Scalp
[AI] Provider: GROQ | Key: #2 | INVALID KEY → Next key
[AI] Provider: GROQ | Key: #ENV | INVALID KEY → Next key
[AI] Provider: GROQ | Semua key habis → Switch provider
[AI] ⚠️  Semua provider gagal — AI tidak tersedia, bot tetap berjalan normal.
[SCANNER] bias:NEUTRAL conf:10% | Sim:63% NEUTRAL → ⏭ SKIP (Trend tidak aligned (H4:NEUTRAL H1:NEUTRAL))
[EBOOK-ENGINE] Cooldown 193min | MACD Momentum Scalp
[AI] Provider: GROQ | Key: #2 | INVALID KEY → Next key
[AI] Provider: GROQ | Key: #ENV | INVALID KEY → Next key
[AI] Provider: GROQ | Semua key habis → Switch provider
[AI] ⚠️  Semua provider gagal — AI tidak tersedia, bot tetap berjalan normal.
[SCANNER] bias:NEUTRAL conf:10% | Sim:63% NEUTRAL → ⏭ SKIP (Trend tidak aligned (H4:NEUTRAL H1:NEUTRAL))
[EBOOK-ENGINE] Cooldown 193min | MACD Momentum Scalp
[AI] Provider: GROQ | Key: #2 | INVALID KEY → Next key
[AI] Provider: GROQ | Key: #ENV | INVALID KEY → Next key
[AI] Provider: GROQ | Semua key habis → Switch provider
[AI] ⚠️  Semua provider gagal — AI tidak tersedia, bot tetap berjalan normal.
[SCANNER] bias:NEUTRAL conf:10% | Sim:63% NEUTRAL → ⏭ SKIP (Trend tidak aligned (H4:NEUTRAL H1:NEUTRAL))
[EBOOK-ENGINE] Cooldown 192min | MACD Momentum Scalp
[AI] Provider: GROQ | Key: #2 | INVALID KEY → Next key
[AI] Provider: GROQ | Key: #ENV | INVALID KEY → Next key
[AI] Provider: GROQ | Semua key habis → Switch provider
[AI] ⚠️  Semua provider gagal — AI tidak tersedia, bot tetap berjalan normal.
[SCANNER] bias:NEUTRAL conf:10% | Sim:63% NEUTRAL → ⏭ SKIP (Trend tidak aligned (H4:NEUTRAL H1:NEUTRAL))
[EBOOK-ENGINE] Cooldown 192min | MACD Momentum Scalp
[AI] Provider: GROQ | Key: #2 | INVALID KEY → Next key
[AI] Provider: GROQ | Key: #ENV | INVALID KEY → Next key
[AI] Provider: GROQ | Semua key habis → Switch provider
[AI] ⚠️  Semua provider gagal — AI tidak tersedia, bot tetap berjalan normal.
[SCANNER] bias:NEUTRAL conf:10% | Sim:63% NEUTRAL → ⏭ SKIP (Trend tidak aligned (H4:NEUTRAL H1:NEUTRAL))
[EBOOK-ENGINE] Cooldown 191min | MACD Momentum Scalp
[AI] Provider: GROQ | Key: #2 | INVALID KEY → Next key
[AI] Provider: GROQ | Key: #ENV | INVALID KEY → Next key
[AI] Provider: GROQ | Semua key habis → Switch provider
[AI] ⚠️  Semua provider gagal — AI tidak tersedia, bot tetap berjalan normal.
[SCANNER] bias:NEUTRAL conf:10% | Sim:63% NEUTRAL → ⏭ SKIP (Trend tidak aligned (H4:NEUTRAL H1:NEUTRAL))
[EBOOK-ENGINE] Cooldown 191min | MACD Momentum Scalp
[AI] Provider: GROQ | Key: #2 | INVALID KEY → Next key
[AI] Provider: GROQ | Key: #ENV | INVALID KEY → Next key
[AI] Provider: GROQ | Semua key habis → Switch provider
[AI] ⚠️  Semua provider gagal — AI tidak tersedia, bot tetap berjalan normal.
[SCANNER] bias:NEUTRAL conf:10% | Sim:63% NEUTRAL → ⏭ SKIP (Trend tidak aligned (H4:NEUTRAL H1:NEUTRAL))
[EBOOK-ENGINE] Cooldown 190min | HHLL Trend Following
[AI] Provider: GROQ | Key: #2 | INVALID KEY → Next key
[AI] Provider: GROQ | Key: #ENV | INVALID KEY → Next key
[AI] Provider: GROQ | Semua key habis → Switch provider
[AI] ⚠️  Semua provider gagal — AI tidak tersedia, bot tetap berjalan normal.
[SCANNER] bias:NEUTRAL conf:10% | Sim:63% NEUTRAL → ⏭ SKIP (Trend tidak aligned (H4:NEUTRAL H1:NEUTRAL))
[EBOOK-ENGINE] Cooldown 190min | Sniper High Confluence Entry
[WATCHLIST] ⏳ Alert terkirim — BUY | conf:43% | readiness:57% (4/7)
[AI] Provider: GROQ | Key: #2 | INVALID KEY → Next key
[AI] Provider: GROQ | Key: #ENV | INVALID KEY → Next key
[AI] Provider: GROQ | Semua key habis → Switch provider
[AI] ⚠️  Semua provider gagal — AI tidak tersedia, bot tetap berjalan normal.
[SCANNER] bias:BUY conf:10% | Sim:60% AVOID → ⏭ SKIP (Trend tidak aligned (H4:BUY H1:NEUTRAL))
[EBOOK-ENGINE] Cooldown 189min | Sniper High Confluence Entry
[AI] Provider: GROQ | Key: #2 | INVALID KEY → Next key
[AI] Provider: GROQ | Key: #ENV | INVALID KEY → Next key
[AI] Provider: GROQ | Semua key habis → Switch provider
[AI] ⚠️  Semua provider gagal — AI tidak tersedia, bot tetap berjalan normal.
[SCANNER] bias:BUY conf:10% | Sim:60% AVOID → ⏭ SKIP (Trend tidak aligned (H4:BUY H1:NEUTRAL))
[EBOOK-ENGINE] Cooldown 189min | Sniper High Confluence Entry
[AI] Provider: GROQ | Key: #2 | INVALID KEY → Next key
[AI] Provider: GROQ | Key: #ENV | INVALID KEY → Next key
[AI] Provider: GROQ | Semua key habis → Switch provider
[AI] ⚠️  Semua provider gagal — AI tidak tersedia, bot tetap berjalan normal.
[SCANNER] bias:BUY conf:10% | Sim:60% AVOID → ⏭ SKIP (Trend tidak aligned (H4:BUY H1:NEUTRAL))
[EBOOK-ENGINE] Cooldown 188min | Sniper High Confluence Entry
[AI] Provider: GROQ | Key: #2 | INVALID KEY → Next key
[AI] Provider: GROQ | Key: #ENV | INVALID KEY → Next key
[AI] Provider: GROQ | Semua key habis → Switch provider
[AI] ⚠️  Semua provider gagal — AI tidak tersedia, bot tetap berjalan normal.
[SCANNER] bias:BUY conf:10% | Sim:60% AVOID → ⏭ SKIP (Trend tidak aligned (H4:BUY H1:NEUTRAL))
[EBOOK-ENGINE] Cooldown 188min | Sniper High Confluence Entry
[AI] Provider: GROQ | Key: #2 | INVALID KEY → Next key
[AI] Provider: GROQ | Key: #ENV | INVALID KEY → Next key
[AI] Provider: GROQ | Semua key habis → Switch provider
[AI] ⚠️  Semua provider gagal — AI tidak tersedia, bot tetap berjalan normal.
[SCANNER] bias:BUY conf:10% | Sim:60% AVOID → ⏭ SKIP (Trend tidak aligned (H4:BUY H1:NEUTRAL))
[EBOOK-ENGINE] Cooldown 187min | Sniper High Confluence Entry
[AI] Provider: GROQ | Key: #2 | INVALID KEY → Next key
[AI] Provider: GROQ | Key: #ENV | INVALID KEY → Next key
[AI] Provider: GROQ | Semua key habis → Switch provider
[AI] ⚠️  Semua provider gagal — AI tidak tersedia, bot tetap berjalan normal.
[SCANNER] bias:BUY conf:10% | Sim:60% AVOID → ⏭ SKIP (Trend tidak aligned (H4:BUY H1:NEUTRAL))
[EBOOK-ENGINE] Cooldown 187min | Sniper High Confluence Entry
[AI] Provider: GROQ | Key: #2 | INVALID KEY → Next key
[AI] Provider: GROQ | Key: #ENV | INVALID KEY → Next key
[AI] Provider: GROQ | Semua key habis → Switch provider
[AI] ⚠️  Semua provider gagal — AI tidak tersedia, bot tetap berjalan normal.
[SCANNER] bias:BUY conf:10% | Sim:60% AVOID → ⏭ SKIP (Trend tidak aligned (H4:BUY H1:NEUTRAL))
[EBOOK-ENGINE] Cooldown 186min | Sniper High Confluence Entry
[AI] Provider: GROQ | Key: #2 | INVALID KEY → Next key
[AI] Provider: GROQ | Key: #ENV | INVALID KEY → Next key
[AI] Provider: GROQ | Semua key habis → Switch provider
[AI] ⚠️  Semua provider gagal — AI tidak tersedia, bot tetap berjalan normal.
[SCANNER] bias:BUY conf:10% | Sim:60% AVOID → ⏭ SKIP (Trend tidak aligned (H4:BUY H1:NEUTRAL))
[EBOOK-ENGINE] Cooldown 186min | Sniper High Confluence Entry
[AI] Provider: GROQ | Key: #2 | INVALID KEY → Next key
[AI] Provider: GROQ | Key: #ENV | INVALID KEY → Next key
[AI] Provider: GROQ | Semua key habis → Switch provider
[AI] ⚠️  Semua provider gagal — AI tidak tersedia, bot tetap berjalan normal.
[SCANNER] bias:NEUTRAL conf:10% | Sim:63% NEUTRAL → ⏭ SKIP (Trend tidak aligned (H4:NEUTRAL H1:NEUTRAL))
[EBOOK-ENGINE] Cooldown 185min | HHLL Trend Following
[AI] Provider: GROQ | Key: #2 | INVALID KEY → Next key
[AI] Provider: GROQ | Key: #ENV | INVALID KEY → Next key
[AI] Provider: GROQ | Semua key habis → Switch provider
[AI] ⚠️  Semua provider gagal — AI tidak tersedia, bot tetap berjalan normal.
[SCANNER] bias:NEUTRAL conf:10% | Sim:63% NEUTRAL → ⏭ SKIP (Trend tidak aligned (H4:NEUTRAL H1:NEUTRAL))
[EBOOK-ENGINE] Cooldown 185min | HHLL Trend Following
[AI] Provider: GROQ | Key: #2 | INVALID KEY → Next key
[AI] Provider: GROQ | Key: #ENV | INVALID KEY → Next key
[AI] Provider: GROQ | Semua key habis → Switch provider
[AI] ⚠️  Semua provider gagal — AI tidak tersedia, bot tetap berjalan normal.
[SCANNER] bias:NEUTRAL conf:10% | Sim:63% NEUTRAL → ⏭ SKIP (Trend tidak aligned (H4:NEUTRAL H1:NEUTRAL))
[EBOOK-ENGINE] Cooldown 184min | HHLL Trend Following
[NEWS] Investing.com Commodities: 8 items, 3 relevant
[NEWS] Yahoo Finance Gold: 8 items, 5 relevant
[NEWS] MarketWatch FX: 8 items, 0 relevant
[AI] Provider: GROQ | Key: #2 | INVALID KEY → Next key
[AI] Provider: GROQ | Key: #ENV | INVALID KEY → Next key
[AI] Provider: GROQ | Semua key habis → Switch provider
[AI] ⚠️  Semua provider gagal — AI tidak tersedia, bot tetap berjalan normal.
[SCANNER] bias:NEUTRAL conf:10% | Sim:63% NEUTRAL → ⏭ SKIP (Trend tidak aligned (H4:NEUTRAL H1:NEUTRAL))
[EBOOK-ENGINE] Cooldown 184min | HHLL Trend Following
[AI] Provider: GROQ | Key: #2 | INVALID KEY → Next key
[AI] Provider: GROQ | Key: #ENV | INVALID KEY → Next key
[AI] Provider: GROQ | Semua key habis → Switch provider
[AI] ⚠️  Semua provider gagal — AI tidak tersedia, bot tetap berjalan normal.
[SCANNER] bias:NEUTRAL conf:10% | Sim:63% NEUTRAL → ⏭ SKIP (Trend tidak aligned (H4:NEUTRAL H1:NEUTRAL))
[EBOOK-ENGINE] Cooldown 183min | HHLL Trend Following
[AI] Provider: GROQ | Key: #2 | INVALID KEY → Next key
[AI] Provider: GROQ | Key: #ENV | INVALID KEY → Next key
[AI] Provider: GROQ | Semua key habis → Switch provider
[AI] ⚠️  Semua provider gagal — AI tidak tersedia, bot tetap berjalan normal.
[SCANNER] bias:NEUTRAL conf:10% | Sim:63% NEUTRAL → ⏭ SKIP (Trend tidak aligned (H4:NEUTRAL H1:NEUTRAL))
[EBOOK-ENGINE] Cooldown 183min | HHLL Trend Following
[AI] Provider: GROQ | Key: #2 | INVALID KEY → Next key
[AI] Provider: GROQ | Key: #ENV | INVALID KEY → Next key
[AI] Provider: GROQ | Semua key habis → Switch provider
[AI] ⚠️  Semua provider gagal — AI tidak tersedia, bot tetap berjalan normal.
[SCANNER] bias:NEUTRAL conf:10% | Sim:63% NEUTRAL → ⏭ SKIP (Trend tidak aligned (H4:NEUTRAL H1:NEUTRAL))
[EBOOK-ENGINE] Cooldown 182min | HHLL Trend Following
[AI] Provider: GROQ | Key: #2 | INVALID KEY → Next key
[AI] Provider: GROQ | Key: #ENV | INVALID KEY → Next key
[AI] Provider: GROQ | Semua key habis → Switch provider
[AI] ⚠️  Semua provider gagal — AI tidak tersedia, bot tetap berjalan normal.
[SCANNER] bias:NEUTRAL conf:10% | Sim:63% NEUTRAL → ⏭ SKIP (Trend tidak aligned (H4:NEUTRAL H1:NEUTRAL))
[EBOOK-ENGINE] Cooldown 182min | Round Number Rejection
[AI] Provider: GROQ | Key: #2 | INVALID KEY → Next key
[AI] Provider: GROQ | Key: #ENV | INVALID KEY → Next key
[AI] Provider: GROQ | Semua key habis → Switch provider
[AI] ⚠️  Semua provider gagal — AI tidak tersedia, bot tetap berjalan normal.
[SCANNER] bias:NEUTRAL conf:10% | Sim:64% CAUTION → ⏭ SKIP (Trend tidak aligned (H4:NEUTRAL H1:NEUTRAL))
[EBOOK-ENGINE] Cooldown 181min | Round Number Rejection
[AI] Provider: GROQ | Key: #2 | INVALID KEY → Next key
[AI] Provider: GROQ | Key: #ENV | INVALID KEY → Next key
[AI] Provider: GROQ | Semua key habis → Switch provider
[AI] ⚠️  Semua provider gagal — AI tidak tersedia, bot tetap berjalan normal.
[SCANNER] bias:NEUTRAL conf:10% | Sim:64% CAUTION → ⏭ SKIP (Trend tidak aligned (H4:NEUTRAL H1:NEUTRAL))
[EBOOK-ENGINE] Cooldown 181min | Round Number Rejection
[AI] Provider: GROQ | Key: #2 | INVALID KEY → Next key
[AI] Provider: GROQ | Key: #ENV | INVALID KEY → Next key
[AI] Provider: GROQ | Semua key habis → Switch provider
[AI] ⚠️  Semua provider gagal — AI tidak tersedia, bot tetap berjalan normal.
[SCANNER] bias:NEUTRAL conf:10% | Sim:64% CAUTION → ⏭ SKIP (Trend tidak aligned (H4:NEUTRAL H1:NEUTRAL))
[EBOOK-ENGINE] Cooldown 180min | Round Number Rejection
[AI] Provider: GROQ | Key: #2 | INVALID KEY → Next key
[AI] Provider: GROQ | Key: #ENV | INVALID KEY → Next key
[AI] Provider: GROQ | Semua key habis → Switch provider
[AI] ⚠️  Semua provider gagal — AI tidak tersedia, bot tetap berjalan normal.
[SCANNER] bias:NEUTRAL conf:10% | Sim:64% CAUTION → ⏭ SKIP (Trend tidak aligned (H4:NEUTRAL H1:NEUTRAL))
[EBOOK-ENGINE] Cooldown 180min | Round Number Rejection
[AI] Provider: GROQ | Key: #2 | INVALID KEY → Next key
[AI] Provider: GROQ | Key: #ENV | INVALID KEY → Next key
[AI] Provider: GROQ | Semua key habis → Switch provider
[AI] ⚠️  Semua provider gagal — AI tidak tersedia, bot tetap berjalan normal.
[SCANNER] bias:NEUTRAL conf:10% | Sim:64% CAUTION → ⏭ SKIP (Trend tidak aligned (H4:NEUTRAL H1:NEUTRAL))
[EBOOK-ENGINE] Cooldown 179min | Round Number Rejection
[AI] Provider: GROQ | Key: #2 | INVALID KEY → Next key
[AI] Provider: GROQ | Key: #ENV | INVALID KEY → Next key
[AI] Provider: GROQ | Semua key habis → Switch provider
[AI] ⚠️  Semua provider gagal — AI tidak tersedia, bot tetap berjalan normal.
[SCANNER] bias:NEUTRAL conf:10% | Sim:64% CAUTION → ⏭ SKIP (Trend tidak aligned (H4:NEUTRAL H1:NEUTRAL))
[EBOOK-ENGINE] Cooldown 179min | Round Number Rejection
[AI] Provider: GROQ | Key: #2 | INVALID KEY → Next key
[AI] Provider: GROQ | Key: #ENV | INVALID KEY → Next key
[AI] Provider: GROQ | Semua key habis → Switch provider
[AI] ⚠️  Semua provider gagal — AI tidak tersedia, bot tetap berjalan normal.
[SCANNER] bias:NEUTRAL conf:10% | Sim:64% CAUTION → ⏭ SKIP (Trend tidak aligned (H4:NEUTRAL H1:NEUTRAL))
[EBOOK-ENGINE] Cooldown 178min | Round Number Rejection
[AI] Provider: GROQ | Key: #2 | INVALID KEY → Next key
[AI] Provider: GROQ | Key: #ENV | INVALID KEY → Next key
[AI] Provider: GROQ | Semua key habis → Switch provider
[AI] ⚠️  Semua provider gagal — AI tidak tersedia, bot tetap berjalan normal.
[SCANNER] bias:NEUTRAL conf:10% | Sim:64% CAUTION → ⏭ SKIP (Trend tidak aligned (H4:NEUTRAL H1:NEUTRAL))
[EBOOK-ENGINE] Cooldown 178min | Round Number Rejection
[AI] Provider: GROQ | Key: #2 | INVALID KEY → Next key
[AI] Provider: GROQ | Key: #ENV | INVALID KEY → Next key
[AI] Provider: GROQ | Semua key habis → Switch provider
[AI] ⚠️  Semua provider gagal — AI tidak tersedia, bot tetap berjalan normal.
[SCANNER] bias:NEUTRAL conf:10% | Sim:65% CAUTION → ⏭ SKIP (Trend tidak aligned (H4:NEUTRAL H1:NEUTRAL))
[AI] Provider: GROQ | Key: #2 | INVALID KEY → Next key
[AI] Provider: GROQ | Key: #ENV | INVALID KEY → Next key
[AI] Provider: GROQ | Semua key habis → Switch provider
[AI] ⚠️  Semua provider gagal — AI tidak tersedia, bot tetap berjalan normal.
[SCANNER] bias:NEUTRAL conf:10% | Sim:65% CAUTION → ⏭ SKIP (Trend tidak aligned (H4:NEUTRAL H1:NEUTRAL))
[AI] Provider: GROQ | Key: #2 | INVALID KEY → Next key
[AI] Provider: GROQ | Key: #ENV | INVALID KEY → Next key
[AI] Provider: GROQ | Semua key habis → Switch provider
[AI] ⚠️  Semua provider gagal — AI tidak tersedia, bot tetap berjalan normal.
[SCANNER] bias:NEUTRAL conf:10% | Sim:65% CAUTION → ⏭ SKIP (Trend tidak aligned (H4:NEUTRAL H1:NEUTRAL))
[AI] Provider: GROQ | Key: #2 | INVALID KEY → Next key
[AI] Provider: GROQ | Key: #ENV | INVALID KEY → Next key
[AI] Provider: GROQ | Semua key habis → Switch provider
[AI] ⚠️  Semua provider gagal — AI tidak tersedia, bot tetap berjalan normal.
[SCANNER] bias:NEUTRAL conf:10% | Sim:65% CAUTION → ⏭ SKIP (Trend tidak aligned (H4:NEUTRAL H1:NEUTRAL))
[AI] Provider: GROQ | Key: #2 | INVALID KEY → Next key
[AI] Provider: GROQ | Key: #ENV | INVALID KEY → Next key
[AI] Provider: GROQ | Semua key habis → Switch provider
[AI] ⚠️  Semua provider gagal — AI tidak tersedia, bot tetap berjalan normal.
[SCANNER] bias:NEUTRAL conf:10% | Sim:65% CAUTION → ⏭ SKIP (Trend tidak aligned (H4:NEUTRAL H1:NEUTRAL))
[AI] Provider: GROQ | Key: #2 | INVALID KEY → Next key
[AI] Provider: GROQ | Key: #ENV | INVALID KEY → Next key
[AI] Provider: GROQ | Semua key habis → Switch provider
[AI] ⚠️  Semua provider gagal — AI tidak tersedia, bot tetap berjalan normal.
[SCANNER] bias:NEUTRAL conf:10% | Sim:65% CAUTION → ⏭ SKIP (Trend tidak aligned (H4:NEUTRAL H1:NEUTRAL))
[AI] Provider: GROQ | Key: #2 | INVALID KEY → Next key
[AI] Provider: GROQ | Key: #ENV | INVALID KEY → Next key
[AI] Provider: GROQ | Semua key habis → Switch provider
[AI] ⚠️  Semua provider gagal — AI tidak tersedia, bot tetap berjalan normal.
[SCANNER] bias:NEUTRAL conf:10% | Sim:65% CAUTION → ⏭ SKIP (Trend tidak aligned (H4:NEUTRAL H1:NEUTRAL))
[AI] Provider: GROQ | Key: #2 | INVALID KEY → Next key
[AI] Provider: GROQ | Key: #ENV | INVALID KEY → Next key
[AI] Provider: GROQ | Semua key habis → Switch provider
[AI] ⚠️  Semua provider gagal — AI tidak tersedia, bot tetap berjalan normal.
[SCANNER] bias:NEUTRAL conf:10% | Sim:65% CAUTION → ⏭ SKIP (Trend tidak aligned (H4:NEUTRAL H1:NEUTRAL))
[AI] Provider: GROQ | Key: #2 | INVALID KEY → Next key
[AI] Provider: GROQ | Key: #ENV | INVALID KEY → Next key
[AI] Provider: GROQ | Semua key habis → Switch provider
[AI] ⚠️  Semua provider gagal — AI tidak tersedia, bot tetap berjalan normal.
[SCANNER] bias:NEUTRAL conf:10% | Sim:65% CAUTION → ⏭ SKIP (Trend tidak aligned (H4:NEUTRAL H1:NEUTRAL))
[EBOOK-ENGINE] Cooldown 173min | Supply & Demand Zone
[AI] Provider: GROQ | Key: #2 | INVALID KEY → Next key
[AI] Provider: GROQ | Key: #ENV | INVALID KEY → Next key
[AI] Provider: GROQ | Semua key habis → Switch provider
[AI] ⚠️  Semua provider gagal — AI tidak tersedia, bot tetap berjalan normal.
[SCANNER] bias:NEUTRAL conf:10% | Sim:65% CAUTION → ⏭ SKIP (Trend tidak aligned (H4:NEUTRAL H1:NEUTRAL))
[EBOOK-ENGINE] Cooldown 173min | Supply & Demand Zone
[AI] Provider: GROQ | Key: #2 | INVALID KEY → Next key
[AI] Provider: GROQ | Key: #ENV | INVALID KEY → Next key
[AI] Provider: GROQ | Semua key habis → Switch provider
[AI] ⚠️  Semua provider gagal — AI tidak tersedia, bot tetap berjalan normal.
[SCANNER] bias:NEUTRAL conf:10% | Sim:65% CAUTION → ⏭ SKIP (Trend tidak aligned (H4:NEUTRAL H1:NEUTRAL))
[EBOOK-ENGINE] Cooldown 172min | Supply & Demand Zone
[AI] Provider: GROQ | Key: #2 | INVALID KEY → Next key
[AI] Provider: GROQ | Key: #ENV | INVALID KEY → Next key
[AI] Provider: GROQ | Semua key habis → Switch provider
[AI] ⚠️  Semua provider gagal — AI tidak tersedia, bot tetap berjalan normal.
[SCANNER] bias:NEUTRAL conf:10% | Sim:65% CAUTION → ⏭ SKIP (Trend tidak aligned (H4:NEUTRAL H1:NEUTRAL))
[EBOOK-ENGINE] Cooldown 172min | Supply & Demand Zone
[AI] Provider: GROQ | Key: #2 | INVALID KEY → Next key
[AI] Provider: GROQ | Key: #ENV | INVALID KEY → Next key
[AI] Provider: GROQ | Semua key habis → Switch provider
[AI] ⚠️  Semua provider gagal — AI tidak tersedia, bot tetap berjalan normal.
[SCANNER] bias:NEUTRAL conf:10% | Sim:65% CAUTION → ⏭ SKIP (Trend tidak aligned (H4:NEUTRAL H1:NEUTRAL))
[EBOOK-ENGINE] Cooldown 171min | Supply & Demand Zone
[AI] Provider: GROQ | Key: #2 | INVALID KEY → Next key
[AI] Provider: GROQ | Key: #ENV | INVALID KEY → Next key
[AI] Provider: GROQ | Semua key habis → Switch provider
[AI] ⚠️  Semua provider gagal — AI tidak tersedia, bot tetap berjalan normal.
[SCANNER] bias:NEUTRAL conf:10% | Sim:65% CAUTION → ⏭ SKIP (Trend tidak aligned (H4:NEUTRAL H1:NEUTRAL))
[EBOOK-ENGINE] Cooldown 171min | Supply & Demand Zone
[AI] Provider: GROQ | Key: #2 | INVALID KEY → Next key
[AI] Provider: GROQ | Key: #ENV | INVALID KEY → Next key
[AI] Provider: GROQ | Semua key habis → Switch provider
[AI] ⚠️  Semua provider gagal — AI tidak tersedia, bot tetap berjalan normal.
[SCANNER] bias:NEUTRAL conf:10% | Sim:65% CAUTION → ⏭ SKIP (Trend tidak aligned (H4:NEUTRAL H1:NEUTRAL))
[EBOOK-ENGINE] Cooldown 170min | Supply & Demand Zone
[AI] Provider: GROQ | Key: #2 | INVALID KEY → Next key
[AI] Provider: GROQ | Key: #ENV | INVALID KEY → Next key
[AI] Provider: GROQ | Semua key habis → Switch provider
[AI] ⚠️  Semua provider gagal — AI tidak tersedia, bot tetap berjalan normal.
[SCANNER] bias:NEUTRAL conf:10% | Sim:65% CAUTION → ⏭ SKIP (Trend tidak aligned (H4:NEUTRAL H1:NEUTRAL))
[EBOOK-ENGINE] Cooldown 170min | Supply & Demand Zone
[AI] Provider: GROQ | Key: #2 | INVALID KEY → Next key
[AI] Provider: GROQ | Key: #ENV | INVALID KEY → Next key
[AI] Provider: GROQ | Semua key habis → Switch provider
[AI] ⚠️  Semua provider gagal — AI tidak tersedia, bot tetap berjalan normal.
[SCANNER] bias:NEUTRAL conf:10% | Sim:65% CAUTION → ⏭ SKIP (Trend tidak aligned (H4:NEUTRAL H1:NEUTRAL))
[EBOOK-ENGINE] Cooldown 169min | Supply & Demand Zone
[NEWS] Investing.com Commodities: 8 items, 3 relevant
[NEWS] MarketWatch FX: 8 items, 0 relevant
[NEWS] Yahoo Finance Gold: 8 items, 6 relevant
[AI] Provider: GROQ | Key: #2 | INVALID KEY → Next key
[AI] Provider: GROQ | Key: #ENV | INVALID KEY → Next key
[AI] Provider: GROQ | Semua key habis → Switch provider
[AI] ⚠️  Semua provider gagal — AI tidak tersedia, bot tetap berjalan normal.
[SCANNER] bias:NEUTRAL conf:10% | Sim:62% NEUTRAL → ⏭ SKIP (Trend tidak aligned (H4:NEUTRAL H1:NEUTRAL))
[EBOOK-ENGINE] Cooldown 169min | HHLL Trend Following
[AI] Provider: GROQ | Key: #2 | INVALID KEY → Next key
[AI] Provider: GROQ | Key: #ENV | INVALID KEY → Next key
[AI] Provider: GROQ | Semua key habis → Switch provider
[AI] ⚠️  Semua provider gagal — AI tidak tersedia, bot tetap berjalan normal.
[SCANNER] bias:NEUTRAL conf:10% | Sim:62% NEUTRAL → ⏭ SKIP (Trend tidak aligned (H4:NEUTRAL H1:NEUTRAL))
[EBOOK-ENGINE] Cooldown 168min | HHLL Trend Following
[AI] Provider: GROQ | Key: #2 | INVALID KEY → Next key
[AI] Provider: GROQ | Key: #ENV | INVALID KEY → Next key
[AI] Provider: GROQ | Semua key habis → Switch provider
[AI] ⚠️  Semua provider gagal — AI tidak tersedia, bot tetap berjalan normal.
[SCANNER] bias:NEUTRAL conf:10% | Sim:62% NEUTRAL → ⏭ SKIP (Trend tidak aligned (H4:NEUTRAL H1:NEUTRAL))
[EBOOK-ENGINE] Cooldown 168min | HHLL Trend Following
[AI] Provider: GROQ | Key: #2 | INVALID KEY → Next key
[AI] Provider: GROQ | Key: #ENV | INVALID KEY → Next key
[AI] Provider: GROQ | Semua key habis → Switch provider
[AI] ⚠️  Semua provider gagal — AI tidak tersedia, bot tetap berjalan normal.
[SCANNER] bias:NEUTRAL conf:10% | Sim:62% NEUTRAL → ⏭ SKIP (Trend tidak aligned (H4:NEUTRAL H1:NEUTRAL))
[EBOOK-ENGINE] Cooldown 167min | HHLL Trend Following
[AI] Provider: GROQ | Key: #2 | INVALID KEY → Next key
[AI] Provider: GROQ | Key: #ENV | INVALID KEY → Next key
[AI] Provider: GROQ | Semua key habis → Switch provider
[AI] ⚠️  Semua provider gagal — AI tidak tersedia, bot tetap berjalan normal.
[SCANNER] bias:NEUTRAL conf:10% | Sim:62% NEUTRAL → ⏭ SKIP (Trend tidak aligned (H4:NEUTRAL H1:NEUTRAL))
[EBOOK-ENGINE] Cooldown 167min | HHLL Trend Following
[AI] Provider: GROQ | Key: #2 | INVALID KEY → Next key
[AI] Provider: GROQ | Key: #ENV | INVALID KEY → Next key
[AI] Provider: GROQ | Semua key habis → Switch provider
[AI] ⚠️  Semua provider gagal — AI tidak tersedia, bot tetap berjalan normal.
[SCANNER] bias:NEUTRAL conf:10% | Sim:62% NEUTRAL → ⏭ SKIP (Trend tidak aligned (H4:NEUTRAL H1:NEUTRAL))
[EBOOK-ENGINE] Cooldown 166min | HHLL Trend Following
[AI] Provider: GROQ | Key: #2 | INVALID KEY → Next key
[AI] Provider: GROQ | Key: #ENV | INVALID KEY → Next key
[AI] Provider: GROQ | Semua key habis → Switch provider
[AI] ⚠️  Semua provider gagal — AI tidak tersedia, bot tetap berjalan normal.
[SCANNER] bias:NEUTRAL conf:10% | Sim:62% NEUTRAL → ⏭ SKIP (Trend tidak aligned (H4:NEUTRAL H1:NEUTRAL))
[EBOOK-ENGINE] Cooldown 166min | HHLL Trend Following
[AI] Provider: GROQ | Key: #2 | INVALID KEY → Next key
[AI] Provider: GROQ | Key: #ENV | INVALID KEY → Next key
[AI] Provider: GROQ | Semua key habis → Switch provider
[AI] ⚠️  Semua provider gagal — AI tidak tersedia, bot tetap berjalan normal.
[SCANNER] bias:NEUTRAL conf:10% | Sim:62% NEUTRAL → ⏭ SKIP (Trend tidak aligned (H4:NEUTRAL H1:NEUTRAL))
[EBOOK-ENGINE] Cooldown 165min | HHLL Trend Following
[AI] Provider: GROQ | Key: #2 | INVALID KEY → Next key
[AI] Provider: GROQ | Key: #ENV | INVALID KEY → Next key
[AI] Provider: GROQ | Semua key habis → Switch provider
[AI] ⚠️  Semua provider gagal — AI tidak tersedia, bot tetap berjalan normal.
[SCANNER] bias:NEUTRAL conf:10% | Sim:62% NEUTRAL → ⏭ SKIP (Trend tidak aligned (H4:NEUTRAL H1:NEUTRAL))
[EBOOK-ENGINE] Cooldown 165min | Trendline Bounce
[AI] Provider: GROQ | Key: #2 | INVALID KEY → Next key
[AI] Provider: GROQ | Key: #ENV | INVALID KEY → Next key
[AI] Provider: GROQ | Semua key habis → Switch provider
[AI] ⚠️  Semua provider gagal — AI tidak tersedia, bot tetap berjalan normal.
[SCANNER] bias:NEUTRAL conf:10% | Sim:65% CAUTION → ⏭ SKIP (Trend tidak aligned (H4:NEUTRAL H1:NEUTRAL))
[EBOOK-ENGINE] Cooldown 164min | Trendline Bounce
[AI] Provider: GROQ | Key: #2 | INVALID KEY → Next key
[AI] Provider: GROQ | Key: #ENV | INVALID KEY → Next key
[AI] Provider: GROQ | Semua key habis → Switch provider
[AI] ⚠️  Semua provider gagal — AI tidak tersedia, bot tetap berjalan normal.
[SCANNER] bias:NEUTRAL conf:10% | Sim:65% CAUTION → ⏭ SKIP (Trend tidak aligned (H4:NEUTRAL H1:NEUTRAL))
[EBOOK-ENGINE] Cooldown 164min | Trendline Bounce
[AI] Provider: GROQ | Key: #2 | INVALID KEY → Next key
[AI] Provider: GROQ | Key: #ENV | INVALID KEY → Next key
[AI] Provider: GROQ | Semua key habis → Switch provider
[AI] ⚠️  Semua provider gagal — AI tidak tersedia, bot tetap berjalan normal.
[SCANNER] bias:NEUTRAL conf:10% | Sim:65% CAUTION → ⏭ SKIP (Trend tidak aligned (H4:NEUTRAL H1:NEUTRAL))
[EBOOK-ENGINE] Cooldown 163min | Trendline Bounce
[AI] Provider: GROQ | Key: #2 | INVALID KEY → Next key
[AI] Provider: GROQ | Key: #ENV | INVALID KEY → Next key
[AI] Provider: GROQ | Semua key habis → Switch provider
[AI] ⚠️  Semua provider gagal — AI tidak tersedia, bot tetap berjalan normal.
[SCANNER] bias:NEUTRAL conf:10% | Sim:65% CAUTION → ⏭ SKIP (Trend tidak aligned (H4:NEUTRAL H1:NEUTRAL))
[EBOOK-ENGINE] Cooldown 163min | Trendline Bounce
[AI] Provider: GROQ | Key: #2 | INVALID KEY → Next key
[AI] Provider: GROQ | Key: #ENV | INVALID KEY → Next key
[AI] Provider: GROQ | Semua key habis → Switch provider
[AI] ⚠️  Semua provider gagal — AI tidak tersedia, bot tetap berjalan normal.
[SCANNER] bias:NEUTRAL conf:10% | Sim:65% CAUTION → ⏭ SKIP (Trend tidak aligned (H4:NEUTRAL H1:NEUTRAL))
[EBOOK-ENGINE] Cooldown 162min | Trendline Bounce
[AI] Provider: GROQ | Key: #2 | INVALID KEY → Next key
[AI] Provider: GROQ | Key: #ENV | INVALID KEY → Next key
[AI] Provider: GROQ | Semua key habis → Switch provider
[AI] ⚠️  Semua provider gagal — AI tidak tersedia, bot tetap berjalan normal.
[SCANNER] bias:NEUTRAL conf:10% | Sim:65% CAUTION → ⏭ SKIP (Trend tidak aligned (H4:NEUTRAL H1:NEUTRAL))
[EBOOK-ENGINE] Cooldown 162min | Trendline Bounce
[AI] Provider: GROQ | Key: #2 | INVALID KEY → Next key
[AI] Provider: GROQ | Key: #ENV | INVALID KEY → Next key
[AI] Provider: GROQ | Semua key habis → Switch provider
[AI] ⚠️  Semua provider gagal — AI tidak tersedia, bot tetap berjalan normal.
[SCANNER] bias:NEUTRAL conf:10% | Sim:65% CAUTION → ⏭ SKIP (Trend tidak aligned (H4:NEUTRAL H1:NEUTRAL))
[EBOOK-ENGINE] Cooldown 161min | Trendline Bounce
[AI] Provider: GROQ | Key: #2 | INVALID KEY → Next key
[AI] Provider: GROQ | Key: #ENV | INVALID KEY → Next key
[AI] Provider: GROQ | Semua key habis → Switch provider
[AI] ⚠️  Semua provider gagal — AI tidak tersedia, bot tetap berjalan normal.
[SCANNER] bias:NEUTRAL conf:10% | Sim:65% CAUTION → ⏭ SKIP (Trend tidak aligned (H4:NEUTRAL H1:NEUTRAL))
[EBOOK-ENGINE] Cooldown 161min | Trendline Bounce
[AI] Provider: GROQ | Key: #2 | INVALID KEY → Next key
[AI] Provider: GROQ | Key: #ENV | INVALID KEY → Next key
[AI] Provider: GROQ | Semua key habis → Switch provider
[AI] ⚠️  Semua provider gagal — AI tidak tersedia, bot tetap berjalan normal.
[SCANNER] bias:NEUTRAL conf:10% | Sim:64% CAUTION → ⏭ SKIP (Trend tidak aligned (H4:NEUTRAL H1:NEUTRAL))
[AI] Provider: GROQ | Key: #2 | INVALID KEY → Next key
[AI] Provider: GROQ | Key: #ENV | INVALID KEY → Next key
[AI] Provider: GROQ | Semua key habis → Switch provider
[AI] ⚠️  Semua provider gagal — AI tidak tersedia, bot tetap berjalan normal.
[SCANNER] bias:NEUTRAL conf:10% | Sim:64% CAUTION → ⏭ SKIP (Trend tidak aligned (H4:NEUTRAL H1:NEUTRAL))
[AI] Provider: GROQ | Key: #2 | INVALID KEY → Next key
[AI] Provider: GROQ | Key: #ENV | INVALID KEY → Next key
[AI] Provider: GROQ | Semua key habis → Switch provider
[AI] ⚠️  Semua provider gagal — AI tidak tersedia, bot tetap berjalan normal.
[SCANNER] bias:NEUTRAL conf:10% | Sim:64% CAUTION → ⏭ SKIP (Trend tidak aligned (H4:NEUTRAL H1:NEUTRAL))
[AI] Provider: GROQ | Key: #2 | INVALID KEY → Next key
[AI] Provider: GROQ | Key: #ENV | INVALID KEY → Next key
[AI] Provider: GROQ | Semua key habis → Switch provider
[AI] ⚠️  Semua provider gagal — AI tidak tersedia, bot tetap berjalan normal.
[SCANNER] bias:NEUTRAL conf:10% | Sim:64% CAUTION → ⏭ SKIP (Trend tidak aligned (H4:NEUTRAL H1:NEUTRAL))
[AI] Provider: GROQ | Key: #2 | INVALID KEY → Next key
[AI] Provider: GROQ | Key: #ENV | INVALID KEY → Next key
[AI] Provider: GROQ | Semua key habis → Switch provider
[AI] ⚠️  Semua provider gagal — AI tidak tersedia, bot tetap berjalan normal.
[SCANNER] bias:NEUTRAL conf:10% | Sim:64% CAUTION → ⏭ SKIP (Trend tidak aligned (H4:NEUTRAL H1:NEUTRAL))
[AI] Provider: GROQ | Key: #2 | INVALID KEY → Next key
[AI] Provider: GROQ | Key: #ENV | INVALID KEY → Next key
[AI] Provider: GROQ | Semua key habis → Switch provider
[AI] ⚠️  Semua provider gagal — AI tidak tersedia, bot tetap berjalan normal.
[SCANNER] bias:NEUTRAL conf:10% | Sim:64% CAUTION → ⏭ SKIP (Trend tidak aligned (H4:NEUTRAL H1:NEUTRAL))
[AI] Provider: GROQ | Key: #2 | INVALID KEY → Next key
[AI] Provider: GROQ | Key: #ENV | INVALID KEY → Next key
[AI] Provider: GROQ | Semua key habis → Switch provider
[AI] ⚠️  Semua provider gagal — AI tidak tersedia, bot tetap berjalan normal.
[SCANNER] bias:NEUTRAL conf:10% | Sim:64% CAUTION → ⏭ SKIP (Trend tidak aligned (H4:NEUTRAL H1:NEUTRAL))
[AI] Provider: GROQ | Key: #2 | INVALID KEY → Next key
[AI] Provider: GROQ | Key: #ENV | INVALID KEY → Next key
[AI] Provider: GROQ | Semua key habis → Switch provider
[AI] ⚠️  Semua provider gagal — AI tidak tersedia, bot tetap berjalan normal.
[SCANNER] bias:NEUTRAL conf:10% | Sim:64% CAUTION → ⏭ SKIP (Trend tidak aligned (H4:NEUTRAL H1:NEUTRAL))
[AI] Provider: GROQ | Key: #2 | INVALID KEY → Next key
[AI] Provider: GROQ | Key: #ENV | INVALID KEY → Next key
[AI] Provider: GROQ | Semua key habis → Switch provider
[AI] ⚠️  Semua provider gagal — AI tidak tersedia, bot tetap berjalan normal.
[SCANNER] bias:NEUTRAL conf:10% | Sim:64% CAUTION → ⏭ SKIP (Trend tidak aligned (H4:NEUTRAL H1:NEUTRAL))
[AI] Provider: GROQ | Key: #2 | INVALID KEY → Next key
[AI] Provider: GROQ | Key: #ENV | INVALID KEY → Next key
[AI] Provider: GROQ | Semua key habis → Switch provider
[AI] ⚠️  Semua provider gagal — AI tidak tersedia, bot tetap berjalan normal.
[SCANNER] bias:NEUTRAL conf:10% | Sim:64% CAUTION → ⏭ SKIP (Trend tidak aligned (H4:NEUTRAL H1:NEUTRAL))
[AI] Provider: GROQ | Key: #2 | INVALID KEY → Next key
[AI] Provider: GROQ | Key: #ENV | INVALID KEY → Next key
[AI] Provider: GROQ | Semua key habis → Switch provider
[AI] ⚠️  Semua provider gagal — AI tidak tersedia, bot tetap berjalan normal.
[SCANNER] bias:NEUTRAL conf:10% | Sim:64% CAUTION → ⏭ SKIP (Trend tidak aligned (H4:NEUTRAL H1:NEUTRAL))
[AI] Provider: GROQ | Key: #2 | INVALID KEY → Next key
[AI] Provider: GROQ | Key: #ENV | INVALID KEY → Next key
[AI] Provider: GROQ | Semua key habis → Switch provider
[AI] ⚠️  Semua provider gagal — AI tidak tersedia, bot tetap berjalan normal.
[SCANNER] bias:NEUTRAL conf:10% | Sim:64% CAUTION → ⏭ SKIP (Trend tidak aligned (H4:NEUTRAL H1:NEUTRAL))
[AI] Provider: GROQ | Key: #2 | INVALID KEY → Next key
[AI] Provider: GROQ | Key: #ENV | INVALID KEY → Next key
[AI] Provider: GROQ | Semua key habis → Switch provider
[AI] ⚠️  Semua provider gagal — AI tidak tersedia, bot tetap berjalan normal.
[SCANNER] bias:NEUTRAL conf:10% | Sim:64% CAUTION → ⏭ SKIP (Trend tidak aligned (H4:NEUTRAL H1:NEUTRAL))
[AI] Provider: GROQ | Key: #2 | INVALID KEY → Next key
[AI] Provider: GROQ | Key: #ENV | INVALID KEY → Next key
[AI] Provider: GROQ | Semua key habis → Switch provider
[AI] ⚠️  Semua provider gagal — AI tidak tersedia, bot tetap berjalan normal.
[SCANNER] bias:NEUTRAL conf:10% | Sim:64% CAUTION → ⏭ SKIP (Trend tidak aligned (H4:NEUTRAL H1:NEUTRAL))
[NEWS] Investing.com Commodities: 8 items, 3 relevant
[NEWS] MarketWatch FX: 8 items, 0 relevant
[NEWS] Yahoo Finance Gold: 8 items, 6 relevant
[AI] Provider: GROQ | Key: #2 | INVALID KEY → Next key
[AI] Provider: GROQ | Key: #ENV | INVALID KEY → Next key
[AI] Provider: GROQ | Semua key habis → Switch provider
[AI] ⚠️  Semua provider gagal — AI tidak tersedia, bot tetap berjalan normal.
[SCANNER] bias:NEUTRAL conf:10% | Sim:64% CAUTION → ⏭ SKIP (Trend tidak aligned (H4:NEUTRAL H1:NEUTRAL))
[AI] Provider: GROQ | Key: #2 | INVALID KEY → Next key
[AI] Provider: GROQ | Key: #ENV | INVALID KEY → Next key
[AI] Provider: GROQ | Semua key habis → Switch provider
[AI] ⚠️  Semua provider gagal — AI tidak tersedia, bot tetap berjalan normal.
[SCANNER] bias:NEUTRAL conf:10% | Sim:64% CAUTION → ⏭ SKIP (Trend tidak aligned (H4:NEUTRAL H1:NEUTRAL))
[AI] Provider: GROQ | Key: #2 | INVALID KEY → Next key
[AI] Provider: GROQ | Key: #ENV | INVALID KEY → Next key
[AI] Provider: GROQ | Semua key habis → Switch provider
[AI] ⚠️  Semua provider gagal — AI tidak tersedia, bot tetap berjalan normal.
[SCANNER] bias:NEUTRAL conf:10% | Sim:64% CAUTION → ⏭ SKIP (Trend tidak aligned (H4:NEUTRAL H1:NEUTRAL))
[AI] Provider: GROQ | Key: #2 | INVALID KEY → Next key
[AI] Provider: GROQ | Key: #ENV | INVALID KEY → Next key
[AI] Provider: GROQ | Semua key habis → Switch provider
[AI] ⚠️  Semua provider gagal — AI tidak tersedia, bot tetap berjalan normal.
[SCANNER] bias:NEUTRAL conf:10% | Sim:68% NEUTRAL → ⏭ SKIP (Trend tidak aligned (H4:NEUTRAL H1:NEUTRAL))
[AI] Provider: GROQ | Key: #2 | INVALID KEY → Next key
[AI] Provider: GROQ | Key: #ENV | INVALID KEY → Next key
[AI] Provider: GROQ | Semua key habis → Switch provider
[AI] ⚠️  Semua provider gagal — AI tidak tersedia, bot tetap berjalan normal.
[SCANNER] bias:NEUTRAL conf:10% | Sim:68% NEUTRAL → ⏭ SKIP (Trend tidak aligned (H4:NEUTRAL H1:NEUTRAL))
[AI] Provider: GROQ | Key: #2 | INVALID KEY → Next key
[AI] Provider: GROQ | Key: #ENV | INVALID KEY → Next key
[AI] Provider: GROQ | Semua key habis → Switch provider
[AI] ⚠️  Semua provider gagal — AI tidak tersedia, bot tetap berjalan normal.
[SCANNER] bias:NEUTRAL conf:10% | Sim:68% NEUTRAL → ⏭ SKIP (Trend tidak aligned (H4:NEUTRAL H1:NEUTRAL))
[DB] Signal #241 ditutup → BREAKEVEN (+0 pips @ 4599.60443)
[LEARN] updateLearningResult: Entry untuk Signal #241 tidak ditemukan
[RETRAIN-AUTO] Dimulai...
[AUTO-CLOSE] ✅ Signal #241 closed: BREAKEVEN | BE @ Entry: 4603.63 | +0 pips
[RETRAIN] Tidak ada perubahan — 35 entries sudah up-to-date
[RETRAIN-AUTO] Selesai — tidak ada perubahan (35 entries)
[AUTO-CLOSE] 📌 Sinyal #241 di-unpin (BREAKEVEN)
[AI] Provider: GROQ | Key: #2 | INVALID KEY → Next key
[AI] Provider: GROQ | Key: #ENV | INVALID KEY → Next key
[AI] Provider: GROQ | Semua key habis → Switch provider
[AI] ⚠️  Semua provider gagal — AI tidak tersedia, bot tetap berjalan normal.
[AI-JOURNAL] AI returned empty/invalid data — using fallback template
[JOURNAL] 📝 Jurnal AI terkirim untuk trade #241
[TRADE-SCANNER] 🟡 SHORT signal ACTIVE — price 4598.75834 in zone
[AI] Provider: GROQ | Key: #2 | INVALID KEY → Next key
[AI] Provider: GROQ | Key: #ENV | INVALID KEY → Next key
[AI] Provider: GROQ | Semua key habis → Switch provider
[AI] ⚠️  Semua provider gagal — AI tidak tersedia, bot tetap berjalan normal.
[SCANNER] bias:NEUTRAL conf:10% | Sim:68% NEUTRAL → ⏭ SKIP (Trend tidak aligned (H4:NEUTRAL H1:NEUTRAL))
[AI] Provider: GROQ | Key: #2 | INVALID KEY → Next key
[AI] Provider: GROQ | Key: #ENV | INVALID KEY → Next key
[AI] Provider: GROQ | Semua key habis → Switch provider
[AI] ⚠️  Semua provider gagal — AI tidak tersedia, bot tetap berjalan normal.
[SCANNER] bias:NEUTRAL conf:10% | Sim:68% NEUTRAL → ⏭ SKIP (Trend tidak aligned (H4:NEUTRAL H1:NEUTRAL))
[AI] Provider: GROQ | Key: #2 | INVALID KEY → Next key
[AI] Provider: GROQ | Key: #ENV | INVALID KEY → Next key
[AI] Provider: GROQ | Semua key habis → Switch provider
[AI] ⚠️  Semua provider gagal — AI tidak tersedia, bot tetap berjalan normal.
[SCANNER] bias:NEUTRAL conf:10% | Sim:68% NEUTRAL → ⏭ SKIP (Trend tidak aligned (H4:NEUTRAL H1:NEUTRAL))
[AI] Provider: GROQ | Key: #2 | INVALID KEY → Next key
[AI] Provider: GROQ | Key: #ENV | INVALID KEY → Next key
[AI] Provider: GROQ | Semua key habis → Switch provider
[AI] ⚠️  Semua provider gagal — AI tidak tersedia, bot tetap berjalan normal.
[SCANNER] bias:NEUTRAL conf:10% | Sim:68% NEUTRAL → ⏭ SKIP (Trend tidak aligned (H4:NEUTRAL H1:NEUTRAL))
[AI] Provider: GROQ | Key: #2 | INVALID KEY → Next key
[AI] Provider: GROQ | Key: #ENV | INVALID KEY → Next key
[AI] Provider: GROQ | Semua key habis → Switch provider
[AI] ⚠️  Semua provider gagal — AI tidak tersedia, bot tetap berjalan normal.
[SCANNER] bias:NEUTRAL conf:10% | Sim:68% NEUTRAL → ⏭ SKIP (Trend tidak aligned (H4:NEUTRAL H1:NEUTRAL))
[AI] Provider: GROQ | Key: #2 | INVALID KEY → Next key
[AI] Provider: GROQ | Key: #ENV | INVALID KEY → Next key
[AI] Provider: GROQ | Semua key habis → Switch provider
[AI] ⚠️  Semua provider gagal — AI tidak tersedia, bot tetap berjalan normal.
[SCANNER] bias:NEUTRAL conf:10% | Sim:68% NEUTRAL → ⏭ SKIP (Trend tidak aligned (H4:NEUTRAL H1:NEUTRAL))
[AI] Provider: GROQ | Key: #2 | INVALID KEY → Next key
[AI] Provider: GROQ | Key: #ENV | INVALID KEY → Next key
[AI] Provider: GROQ | Semua key habis → Switch provider
[AI] ⚠️  Semua provider gagal — AI tidak tersedia, bot tetap berjalan normal.
[SCANNER] bias:NEUTRAL conf:10% | Sim:68% NEUTRAL → ⏭ SKIP (Trend tidak aligned (H4:NEUTRAL H1:NEUTRAL))
[AI] Provider: GROQ | Key: #2 | INVALID KEY → Next key
[AI] Provider: GROQ | Key: #ENV | INVALID KEY → Next key
[AI] Provider: GROQ | Semua key habis → Switch provider
[AI] ⚠️  Semua provider gagal — AI tidak tersedia, bot tetap berjalan normal.
[SCANNER] bias:NEUTRAL conf:10% | Sim:68% NEUTRAL → ⏭ SKIP (Trend tidak aligned (H4:NEUTRAL H1:NEUTRAL))
[AI] Provider: GROQ | Key: #2 | INVALID KEY → Next key
[AI] Provider: GROQ | Key: #ENV | INVALID KEY → Next key
[AI] Provider: GROQ | Semua key habis → Switch provider
[AI] ⚠️  Semua provider gagal — AI tidak tersedia, bot tetap berjalan normal.
[SCANNER] bias:NEUTRAL conf:10% | Sim:68% NEUTRAL → ⏭ SKIP (Trend tidak aligned (H4:NEUTRAL H1:NEUTRAL))
[AI] Provider: GROQ | Key: #2 | INVALID KEY → Next key
[AI] Provider: GROQ | Key: #ENV | INVALID KEY → Next key
[AI] Provider: GROQ | Semua key habis → Switch provider
[AI] ⚠️  Semua provider gagal — AI tidak tersedia, bot tetap berjalan normal.
[SCANNER] bias:NEUTRAL conf:10% | Sim:68% NEUTRAL → ⏭ SKIP (Trend tidak aligned (H4:NEUTRAL H1:NEUTRAL))
[AI] Provider: GROQ | Key: #2 | INVALID KEY → Next key
[AI] Provider: GROQ | Key: #ENV | INVALID KEY → Next key
[AI] Provider: GROQ | Semua key habis → Switch provider
[AI] ⚠️  Semua provider gagal — AI tidak tersedia, bot tetap berjalan normal.
[SCANNER] bias:NEUTRAL conf:10% | Sim:68% NEUTRAL → ⏭ SKIP (Trend tidak aligned (H4:NEUTRAL H1:NEUTRAL))
[AI] Provider: GROQ | Key: #2 | INVALID KEY → Next key
[AI] Provider: GROQ | Key: #ENV | INVALID KEY → Next key
[AI] Provider: GROQ | Semua key habis → Switch provider
[AI] ⚠️  Semua provider gagal — AI tidak tersedia, bot tetap berjalan normal.
[SCANNER] bias:NEUTRAL conf:10% | Sim:68% NEUTRAL → ⏭ SKIP (Trend tidak aligned (H4:NEUTRAL H1:NEUTRAL))
[AI] Provider: GROQ | Key: #2 | INVALID KEY → Next key
[AI] Provider: GROQ | Key: #ENV | INVALID KEY → Next key
[AI] Provider: GROQ | Semua key habis → Switch provider
[AI] ⚠️  Semua provider gagal — AI tidak tersedia, bot tetap berjalan normal.
[SCANNER] bias:NEUTRAL conf:10% | Sim:68% NEUTRAL → ⏭ SKIP (Trend tidak aligned (H4:NEUTRAL H1:NEUTRAL))
[AI] Provider: GROQ | Key: #2 | INVALID KEY → Next key
[AI] Provider: GROQ | Key: #ENV | INVALID KEY → Next key
[AI] Provider: GROQ | Semua key habis → Switch provider
[AI] ⚠️  Semua provider gagal — AI tidak tersedia, bot tetap berjalan normal.
[SCANNER] bias:NEUTRAL conf:10% | Sim:68% NEUTRAL → ⏭ SKIP (Trend tidak aligned (H4:NEUTRAL H1:NEUTRAL))
[AI] Provider: GROQ | Key: #2 | INVALID KEY → Next key
[AI] Provider: GROQ | Key: #ENV | INVALID KEY → Next key
[AI] Provider: GROQ | Semua key habis → Switch provider
[AI] ⚠️  Semua provider gagal — AI tidak tersedia, bot tetap berjalan normal.
[SCANNER] bias:NEUTRAL conf:10% | Sim:68% NEUTRAL → ⏭ SKIP (Trend tidak aligned (H4:NEUTRAL H1:NEUTRAL))
[EBOOK-ENGINE] Cooldown 143min | Supply & Demand Zone
[AI] Provider: GROQ | Key: #2 | INVALID KEY → Next key
[AI] Provider: GROQ | Key: #ENV | INVALID KEY → Next key
[AI] Provider: GROQ | Semua key habis → Switch provider
[AI] ⚠️  Semua provider gagal — AI tidak tersedia, bot tetap berjalan normal.
[SCANNER] bias:NEUTRAL conf:10% | Sim:68% NEUTRAL → ⏭ SKIP (Trend tidak aligned (H4:NEUTRAL H1:NEUTRAL))
[EBOOK-ENGINE] Cooldown 143min | Supply & Demand Zone
[AI] Provider: GROQ | Key: #2 | INVALID KEY → Next key
[AI] Provider: GROQ | Key: #ENV | INVALID KEY → Next key
[AI] Provider: GROQ | Semua key habis → Switch provider
[AI] ⚠️  Semua provider gagal — AI tidak tersedia, bot tetap berjalan normal.
[SCANNER] bias:NEUTRAL conf:10% | Sim:68% NEUTRAL → ⏭ SKIP (Trend tidak aligned (H4:NEUTRAL H1:NEUTRAL))
[EBOOK-ENGINE] Cooldown 142min | Supply & Demand Zone
[AI] Provider: GROQ | Key: #2 | INVALID KEY → Next key
[AI] Provider: GROQ | Key: #ENV | INVALID KEY → Next key
[AI] Provider: GROQ | Semua key habis → Switch provider
[AI] ⚠️  Semua provider gagal — AI tidak tersedia, bot tetap berjalan normal.
[SCANNER] bias:NEUTRAL conf:10% | Sim:68% NEUTRAL → ⏭ SKIP (Trend tidak aligned (H4:NEUTRAL H1:NEUTRAL))
[EBOOK-ENGINE] Cooldown 142min | Supply & Demand Zone
[AI] Provider: GROQ | Key: #2 | INVALID KEY → Next key
[AI] Provider: GROQ | Key: #ENV | INVALID KEY → Next key
[AI] Provider: GROQ | Semua key habis → Switch provider
[AI] ⚠️  Semua provider gagal — AI tidak tersedia, bot tetap berjalan normal.
[SCANNER] bias:NEUTRAL conf:10% | Sim:68% NEUTRAL → ⏭ SKIP (Trend tidak aligned (H4:NEUTRAL H1:NEUTRAL))
[EBOOK-ENGINE] Cooldown 141min | Supply & Demand Zone
[AI] Provider: GROQ | Key: #2 | INVALID KEY → Next key
[AI] Provider: GROQ | Key: #ENV | INVALID KEY → Next key
[AI] Provider: GROQ | Semua key habis → Switch provider
[AI] ⚠️  Semua provider gagal — AI tidak tersedia, bot tetap berjalan normal.
[SCANNER] bias:NEUTRAL conf:10% | Sim:68% NEUTRAL → ⏭ SKIP (Trend tidak aligned (H4:NEUTRAL H1:NEUTRAL))
[EBOOK-ENGINE] Cooldown 141min | Supply & Demand Zone
[AI] Provider: GROQ | Key: #2 | INVALID KEY → Next key
[AI] Provider: GROQ | Key: #ENV | INVALID KEY → Next key
[AI] Provider: GROQ | Semua key habis → Switch provider
[AI] ⚠️  Semua provider gagal — AI tidak tersedia, bot tetap berjalan normal.
[SCANNER] bias:NEUTRAL conf:10% | Sim:68% NEUTRAL → ⏭ SKIP (Trend tidak aligned (H4:NEUTRAL H1:NEUTRAL))
[EBOOK-ENGINE] Cooldown 140min | Supply & Demand Zone
[AI] Provider: GROQ | Key: #2 | INVALID KEY → Next key
[AI] Provider: GROQ | Key: #ENV | INVALID KEY → Next key
[AI] Provider: GROQ | Semua key habis → Switch provider
[AI] ⚠️  Semua provider gagal — AI tidak tersedia, bot tetap berjalan normal.
[SCANNER] bias:NEUTRAL conf:10% | Sim:68% NEUTRAL → ⏭ SKIP (Trend tidak aligned (H4:NEUTRAL H1:NEUTRAL))
[EBOOK-ENGINE] Cooldown 140min | Supply & Demand Zone
[AI] Provider: GROQ | Key: #2 | INVALID KEY → Next key
[AI] Provider: GROQ | Key: #ENV | INVALID KEY → Next key
[AI] Provider: GROQ | Semua key habis → Switch provider
[AI] ⚠️  Semua provider gagal — AI tidak tersedia, bot tetap berjalan normal.
[SCANNER] bias:NEUTRAL conf:10% | Sim:68% NEUTRAL → ⏭ SKIP (Trend tidak aligned (H4:NEUTRAL H1:NEUTRAL))
[EBOOK-ENGINE] Cooldown 139min | Supply & Demand Zone
[AI] Provider: GROQ | Key: #2 | INVALID KEY → Next key
[AI] Provider: GROQ | Key: #ENV | INVALID KEY → Next key
[AI] Provider: GROQ | Semua key habis → Switch provider
[AI] ⚠️  Semua provider gagal — AI tidak tersedia, bot tetap berjalan normal.
[SCANNER] bias:SELL conf:10% | Sim:71% CAUTION → ⏭ SKIP (Trend tidak aligned (H4:NEUTRAL H1:SELL))
[EBOOK-ENGINE] Cooldown 139min | Supply & Demand Zone
[NEWS] Investing.com Commodities: 8 items, 3 relevant
[NEWS] MarketWatch FX: 8 items, 0 relevant
[NEWS] Yahoo Finance Gold: 8 items, 8 relevant
[AI] Provider: GROQ | Key: #2 | INVALID KEY → Next key
[AI] Provider: GROQ | Key: #ENV | INVALID KEY → Next key
[AI] Provider: GROQ | Semua key habis → Switch provider
[AI] ⚠️  Semua provider gagal — AI tidak tersedia, bot tetap berjalan normal.
[SCANNER] bias:SELL conf:10% | Sim:71% CAUTION → ⏭ SKIP (Trend tidak aligned (H4:NEUTRAL H1:SELL))
[EBOOK-ENGINE] Cooldown 138min | Supply & Demand Zone
[AI] Provider: GROQ | Key: #2 | INVALID KEY → Next key
[AI] Provider: GROQ | Key: #ENV | INVALID KEY → Next key
[AI] Provider: GROQ | Semua key habis → Switch provider
[AI] ⚠️  Semua provider gagal — AI tidak tersedia, bot tetap berjalan normal.
[SCANNER] bias:SELL conf:10% | Sim:71% CAUTION → ⏭ SKIP (Trend tidak aligned (H4:NEUTRAL H1:SELL))
[EBOOK-ENGINE] Cooldown 138min | Supply & Demand Zone
